,date,sym,volume,volume_prev_5d_avg
0,2019-05-07,000001.SZ,26732606.0,72690955.0
1,2019-05-08,000001.SZ,32095151.0,49711780.5
2,2019-05-09,000001.SZ,29040734.0,43839570.666666664
3,2019-05-10,000001.SZ,33375719.0,40139861.5
4,2019-05-13,000001.SZ,21222149.0,38787033.0
5,2019-05-14,000001.SZ,26542719.0,28493271.8
6,2019-05-15,000001.SZ,24565382.0,28455294.4
7,2019-05-16,000001.SZ,15064606.0,26949340.6
8,2019-05-17,000001.SZ,8829781.0,24154115.0
9,2019-05-20,000001.SZ,19287034.0,19244927.4
10,2019-05-21,000001.SZ,14245363.0,18857904.4
11,2019-05-22,000001.SZ,13224173.0,16398433.2
12,2019-05-23,000001.SZ,17406441.0,14130191.4
13,2019-05-24,000001.SZ,16982616.0,14598558.4
14,2019-05-27,000001.SZ,34602077.0,16229125.4
15,2019-05-28,000001.SZ,13535757.0,19292134.0
16,2019-05-29,000001.SZ,11387459.0,19150212.8
17,2019-05-30,000001.SZ,24823668.0,18782870.0
18,2019-05-31,000001.SZ,10440514.0,20266315.4
19,2019-05-07,000002.SZ,15360747.0,17366709.0
20,2019-05-08,000002.SZ,7060156.0,16363728.0
21,2019-05-09,000002.SZ,9076102.0,13262537.333333334
22,2019-05-10,000002.SZ,10591159.0,12215928.5
23,2019-05-13,000002.SZ,7898940.0,11890974.6
24,2019-05-14,000002.SZ,10719063.0,9997420.8
25,2019-05-15,000002.SZ,9086903.0,9069084.0
26,2019-05-16,000002.SZ,7232225.0,9474433.4
27,2019-05-17,000002.SZ,5911037.0,9105658.0
28,2019-05-20,000002.SZ,8331298.0,8169633.6
29,2019-05-21,000002.SZ,4375356.0,8256105.2
30,2019-05-22,000002.SZ,5307231.0,6987363.8
31,2019-05-23,000002.SZ,8780269.0,6231429.4
32,2019-05-24,000002.SZ,6487901.0,6541038.2
33,2019-05-27,000002.SZ,5506921.0,6656411.0
34,2019-05-28,000002.SZ,4488760.0,6091535.6
35,2019-05-29,000002.SZ,6117523.0,6114216.4
36,2019-05-30,000002.SZ,4477251.0,6276274.8
37,2019-05-31,000002.SZ,3468408.0,5415671.2
38,2019-05-07,000063.SZ,32378557.0,57769846.0
39,2019-05-08,000063.SZ,28524436.0,45074201.5
40,2019-05-09,000063.SZ,24842905.0,39557613.0
41,2019-05-10,000063.SZ,42088038.0,35878936.0
42,2019-05-13,000063.SZ,39387994.0,37120756.4
43,2019-05-14,000063.SZ,31652548.0,33444386.0
44,2019-05-15,000063.SZ,28926444.0,33299184.2
45,2019-05-16,000063.SZ,48361967.0,33379585.8
46,2019-05-17,000063.SZ,29896892.0,38083398.2
47,2019-05-20,000063.SZ,53511100.0,35645169.0
48,2019-05-21,000063.SZ,36753074.0,38469790.2
49,2019-05-22,000063.SZ,50509396.0,39489895.4
50,2019-05-23,000063.SZ,32995128.0,43806485.8
51,2019-05-24,000063.SZ,18818737.0,40733118.0
52,2019-05-27,000063.SZ,22227744.0,38517487.0
53,2019-05-28,000063.SZ,19379782.0,32260815.8
54,2019-05-29,000063.SZ,15164489.0,28786157.4
55,2019-05-30,000063.SZ,26880964.0,21717176.0
56,2019-05-31,000063.SZ,17607273.0,20494343.2
57,2019-05-07,000066.SZ,11347605.0,19103257.0
58,2019-05-08,000066.SZ,10799581.0,15225431.0
59,2019-05-09,000066.SZ,17780351.0,13750147.666666666
60,2019-05-10,000066.SZ,23538359.0,14757698.5
61,2019-05-13,000066.SZ,44028963.0,16513830.6
62,2019-05-14,000066.SZ,26449583.0,21498971.8
63,2019-05-15,000066.SZ,18610900.0,24519367.4
64,2019-05-16,000066.SZ,17204500.0,26081631.2
65,2019-05-17,000066.SZ,30950560.0,25966461.0
66,2019-05-20,000066.SZ,62107345.0,27448901.2
67,2019-05-21,000066.SZ,124698269.0,31064577.6
68,2019-05-22,000066.SZ,101613241.0,50714314.8
69,2019-05-23,000066.SZ,90708715.0,67314783.0
70,2019-05-24,000066.SZ,50739729.0,82015626.0
71,2019-05-27,000066.SZ,32137413.0,85973459.8
72,2019-05-28,000066.SZ,40473077.0,79979473.4
73,2019-05-29,000066.SZ,16025163.0,63134435.0
74,2019-05-30,000066.SZ,39130068.0,46016819.4
75,2019-05-31,000066.SZ,27942940.0,35701090.0
76,2019-05-07,000070.SZ,9421600.0,11205178.0
77,2019-05-08,000070.SZ,6973100.0,10313389.0
78,2019-05-09,000070.SZ,6218400.0,9199959.333333334
79,2019-05-10,000070.SZ,8139316.0,8454569.5
80,2019-05-13,000070.SZ,24579786.0,8391518.8
81,2019-05-14,000070.SZ,15699252.0,11066440.4
82,2019-05-15,000070.SZ,14971516.0,12321970.8
83,2019-05-16,000070.SZ,14156249.0,13921654.0
84,2019-05-17,000070.SZ,27621879.0,15509223.8
85,2019-05-20,000070.SZ,15134387.0,19405736.4
86,2019-05-21,000070.SZ,22492983.0,17516656.6
87,2019-05-22,000070.SZ,31375470.0,18875402.8
88,2019-05-23,000070.SZ,32328859.0,22156193.6
89,2019-05-24,000070.SZ,12828510.0,25790715.6
90,2019-05-27,000070.SZ,13477501.0,22832041.8
91,2019-05-28,000070.SZ,16837759.0,22500664.6
92,2019-05-29,000070.SZ,11975116.0,21369619.8
93,2019-05-30,000070.SZ,14536218.0,17489549.0
94,2019-05-31,000070.SZ,8908441.0,13931020.8
95,2019-05-07,000333.SZ,13864165.0,18886725.0
96,2019-05-22,000333.SZ,39085626.0,16375445.0
97,2019-05-23,000333.SZ,14142329.0,23945505.333333332
98,2019-05-24,000333.SZ,8017656.0,21494711.25
99,2019-05-27,000333.SZ,5532105.0,18799300.2
100,2019-05-28,000333.SZ,6145519.0,16128376.2
101,2019-05-29,000333.SZ,4530199.0,14584647.0
102,2019-05-30,000333.SZ,7410785.0,7673561.6
103,2019-05-31,000333.SZ,3650219.0,6327252.8
104,2019-05-07,000338.SZ,30745613.0,38458503.0
105,2019-05-08,000338.SZ,23957126.0,34602058.0
106,2019-05-09,000338.SZ,11851083.0,31053747.333333332
107,2019-05-10,000338.SZ,27699282.0,26253081.25
108,2019-05-13,000338.SZ,29366346.0,26542321.4
109,2019-05-14,000338.SZ,19864145.0,24723890.0
110,2019-05-15,000338.SZ,15235629.0,22547596.4
111,2019-05-16,000338.SZ,14046552.0,20803297.0
112,2019-05-17,000338.SZ,10971437.0,21242390.8
113,2019-05-20,000338.SZ,29696775.0,17896821.8
114,2019-05-21,000338.SZ,16080478.0,17962907.6
115,2019-05-22,000338.SZ,9778015.0,17206174.2
116,2019-05-23,000338.SZ,10186574.0,16114651.4
117,2019-05-24,000338.SZ,13586780.0,15342655.8
118,2019-05-27,000338.SZ,72930971.0,15865724.4
119,2019-05-28,000338.SZ,23330471.0,24512563.6
120,2019-05-29,000338.SZ,14945302.0,25962562.2
121,2019-05-30,000338.SZ,15180254.0,26996019.6
122,2019-05-31,000338.SZ,12961975.0,27994755.6
123,2019-05-07,000568.SZ,5218348.0,7079745.0
124,2019-05-08,000568.SZ,3881399.0,6149046.5
125,2019-05-09,000568.SZ,3867325.0,5393164.0
126,2019-05-10,000568.SZ,4635940.0,5011704.25
127,2019-05-13,000568.SZ,6673909.0,4936551.4
128,2019-05-14,000568.SZ,4153453.0,4855384.2
129,2019-05-15,000568.SZ,6164450.0,4642405.2
130,2019-05-16,000568.SZ,5845891.0,5099015.4
131,2019-05-17,000568.SZ,5318194.0,5494728.6
132,2019-05-20,000568.SZ,8943146.0,5631179.4
133,2019-05-21,000568.SZ,4091806.0,6085026.8
134,2019-05-22,000568.SZ,5659859.0,6072697.4
135,2019-05-23,000568.SZ,4430249.0,5971779.2
136,2019-05-24,000568.SZ,5648131.0,5688650.8
137,2019-05-27,000568.SZ,2961176.0,5754638.2
138,2019-05-28,000568.SZ,1756425.0,4558244.2
139,2019-05-29,000568.SZ,2410520.0,4091168.0
140,2019-05-30,000568.SZ,2699339.0,3441300.2
141,2019-05-31,000568.SZ,3022522.0,3095118.2
142,2019-05-07,000650.SZ,62684354.0,85716814.0
143,2019-05-08,000650.SZ,124270053.0,74200584.0
144,2019-05-09,000650.SZ,89691485.0,90890407.0
145,2019-05-10,000650.SZ,75023035.0,90590676.5
146,2019-05-13,000650.SZ,45135950.0,87477148.2
147,2019-05-14,000650.SZ,32258849.0,79360975.4
148,2019-05-15,000650.SZ,31797385.0,73275874.4
149,2019-05-16,000650.SZ,126186468.0,54781340.8
150,2019-05-17,000650.SZ,75833745.0,62080337.4
151,2019-05-20,000650.SZ,95425408.0,62242479.4
152,2019-05-21,000650.SZ,38590839.0,72300371.0
153,2019-05-22,000650.SZ,64972151.0,73566769.0
154,2019-05-23,000650.SZ,34926145.0,80201722.2
155,2019-05-24,000650.SZ,34773046.0,61949657.6
156,2019-05-27,000650.SZ,24955732.0,53737517.8
157,2019-05-28,000650.SZ,38451225.0,39643582.6
158,2019-05-29,000650.SZ,28268286.0,39615659.8
159,2019-05-30,000650.SZ,21599974.0,32274886.8
160,2019-05-31,000650.SZ,15386055.0,29609652.6
161,2019-05-07,000651.SZ,35529447.0,40760089.0
162,2019-05-08,000651.SZ,15452578.0,38144768.0
163,2019-05-09,000651.SZ,13804781.0,30580704.666666668
164,2019-05-10,000651.SZ,23706374.0,26386723.75
165,2019-05-13,000651.SZ,17472136.0,25850653.8
166,2019-05-14,000651.SZ,16682369.0,21193063.2
167,2019-05-15,000651.SZ,21269350.0,17423647.6
168,2019-05-16,000651.SZ,11275130.0,18587002.0
169,2019-05-17,000651.SZ,8871597.0,18081071.8
170,2019-05-20,000651.SZ,13717312.0,15114116.4
171,2019-05-21,000651.SZ,10056008.0,14363151.6
172,2019-05-22,000651.SZ,7279206.0,13037879.4
173,2019-05-23,000651.SZ,14531909.0,10239850.6
174,2019-05-24,000651.SZ,11857292.0,10891206.4
175,2019-05-27,000651.SZ,6497039.0,11488345.4
176,2019-05-28,000651.SZ,7994709.0,10044290.8
177,2019-05-29,000651.SZ,7722308.0,9632031.0
178,2019-05-30,000651.SZ,10989077.0,9720651.4
179,2019-05-31,000651.SZ,8268123.0,9012085.0
180,2019-05-07,000713.SZ,51881233.0,21802750.0
181,2019-05-08,000713.SZ,43326403.0,36841991.5
182,2019-05-09,000713.SZ,40359404.0,39003462.0
183,2019-05-10,000713.SZ,39994697.0,39342447.5
184,2019-05-13,000713.SZ,30909319.0,39472897.4
185,2019-05-14,000713.SZ,48332472.0,41294211.2
186,2019-05-15,000713.SZ,44417163.0,40584459.0
187,2019-05-16,000713.SZ,42757469.0,40802611.0
188,2019-05-17,000713.SZ,41198811.0,41282224.0
189,2019-05-20,000713.SZ,49049382.0,41523046.8
190,2019-05-21,000713.SZ,31082900.0,45151059.4
191,2019-05-22,000713.SZ,35129127.0,41701145.0
192,2019-05-23,000713.SZ,67332820.0,39843537.8
193,2019-05-24,000713.SZ,24703895.0,44758608.0
194,2019-05-27,000713.SZ,23379288.0,41459624.8
195,2019-05-28,000713.SZ,30500799.0,36325606.0
196,2019-05-29,000713.SZ,31854616.0,36209185.8
197,2019-05-30,000713.SZ,94244176.0,35554283.6
198,2019-05-31,000713.SZ,63206009.0,40936554.8
199,2019-05-07,000723.SZ,85523853.0,58060066.0
200,2019-05-08,000723.SZ,76565541.0,71791959.5
201,2019-05-09,000723.SZ,36752855.0,73383153.33333333
202,2019-05-10,000723.SZ,48570220.0,64225578.75
203,2019-05-13,000723.SZ,96841220.0,61094507.0
204,2019-05-14,000723.SZ,47355300.0,68850737.8
205,2019-05-15,000723.SZ,53307103.0,61217027.2
206,2019-05-16,000723.SZ,88197653.0,56565339.6
207,2019-05-17,000723.SZ,81749330.0,66854299.2
208,2019-05-20,000723.SZ,76345787.0,73490121.2
209,2019-05-21,000723.SZ,36175855.0,69391034.6
210,2019-05-22,000723.SZ,46226220.0,67155145.6
211,2019-05-23,000723.SZ,44609901.0,65738969.0
212,2019-05-24,000723.SZ,29943990.0,57021418.6
213,2019-05-27,000723.SZ,51518938.0,46660350.6
214,2019-05-28,000723.SZ,27577587.0,41694980.8
215,2019-05-29,000723.SZ,25652772.0,39975327.2
216,2019-05-30,000723.SZ,51498134.0,35860637.6
217,2019-05-31,000723.SZ,31519102.0,37238284.2
218,2019-05-07,000725.SZ,131583683.0,266911055.0
219,2019-05-08,000725.SZ,220597676.0,199247369.0
220,2019-05-09,000725.SZ,112541028.0,206364138.0
221,2019-05-10,000725.SZ,117927829.0,182908360.5
222,2019-05-13,000725.SZ,142031915.0,169912254.2
223,2019-05-14,000725.SZ,96278720.0,144936426.2
224,2019-05-15,000725.SZ,63578847.0,137875433.6
225,2019-05-16,000725.SZ,60296109.0,106471667.8
226,2019-05-17,000725.SZ,73670454.0,96022684.0
227,2019-05-20,000725.SZ,196689791.0,87171209.0
228,2019-05-21,000725.SZ,84819756.0,98102784.2
229,2019-05-22,000725.SZ,173714564.0,95810991.4
230,2019-05-23,000725.SZ,103749890.0,117838134.8
231,2019-05-24,000725.SZ,67911330.0,126528891.0
232,2019-05-27,000725.SZ,70291087.0,125377066.2
233,2019-05-28,000725.SZ,109916110.0,100097325.4
234,2019-05-29,000725.SZ,73428769.0,105116596.2
235,2019-05-30,000725.SZ,87826935.0,85059437.2
236,2019-05-31,000725.SZ,113130282.0,81874846.2
237,2019-05-07,000795.SZ,2438080.0,3161606.0
238,2019-05-08,000795.SZ,1795900.0,2799843.0
239,2019-05-09,000795.SZ,1676400.0,2465195.3333333335
240,2019-05-10,000795.SZ,24277391.0,2267996.5
241,2019-05-13,000795.SZ,8280248.0,6669875.4
242,2019-05-14,000795.SZ,16166559.0,7693603.8
243,2019-05-15,000795.SZ,8668206.0,10439299.6
244,2019-05-16,000795.SZ,16905946.0,11813760.8
245,2019-05-17,000795.SZ,13628600.0,14859670.0
246,2019-05-20,000795.SZ,107502611.0,12729911.8
247,2019-05-21,000795.SZ,137027855.0,32574384.4
248,2019-05-22,000795.SZ,67260300.0,56746643.6
249,2019-05-23,000795.SZ,187758032.0,68465062.4
250,2019-05-24,000795.SZ,138742908.0,102635479.6
251,2019-05-27,000795.SZ,83320746.0,127658341.2
252,2019-05-28,000795.SZ,90237018.0,122821968.2
253,2019-05-29,000795.SZ,114083391.0,113463800.8
254,2019-05-30,000795.SZ,129307354.0,122828419.0
255,2019-05-31,000795.SZ,58071849.0,111138283.4
256,2019-05-07,000831.SZ,3793252.0,4907500.0
257,2019-05-08,000831.SZ,2307962.0,4350376.0
258,2019-05-09,000831.SZ,2486370.0,3669571.3333333335
259,2019-05-10,000831.SZ,12118420.0,3373771.0
260,2019-05-13,000831.SZ,6521029.0,5122700.8
261,2019-05-14,000831.SZ,16692426.0,5445406.6
262,2019-05-15,000831.SZ,7083700.0,8025241.4
263,2019-05-16,000831.SZ,37711747.0,8980389.0
264,2019-05-17,000831.SZ,63460265.0,16025464.4
265,2019-05-20,000831.SZ,30795085.0,26293833.4
266,2019-05-21,000831.SZ,52928919.0,31148644.6
267,2019-05-22,000831.SZ,78018875.0,38395943.2
268,2019-05-23,000831.SZ,51664716.0,52582978.2
269,2019-05-24,000831.SZ,35564775.0,55373572.0
270,2019-05-27,000831.SZ,32113102.0,49794474.0
271,2019-05-28,000831.SZ,26531109.0,50058077.4
272,2019-05-29,000831.SZ,70407047.0,44778515.4
273,2019-05-30,000831.SZ,53192727.0,43256149.8
274,2019-05-31,000831.SZ,25254185.0,43561752.0
275,2019-05-07,000858.SZ,17334957.0,22872823.0
276,2019-05-08,000858.SZ,10889913.0,20103890.0
277,2019-05-09,000858.SZ,9213552.0,17032564.333333332
278,2019-05-10,000858.SZ,14766581.0,15077811.25
279,2019-05-13,000858.SZ,18612253.0,15015565.2
280,2019-05-14,000858.SZ,15085136.0,14163451.2
281,2019-05-15,000858.SZ,14223890.0,13713487.0
282,2019-05-16,000858.SZ,11978591.0,14380282.4
283,2019-05-17,000858.SZ,8309825.0,14933290.2
284,2019-05-20,000858.SZ,13361467.0,13641939.0
285,2019-05-21,000858.SZ,10538901.0,12591781.8
286,2019-05-22,000858.SZ,9047210.0,11682534.8
287,2019-05-23,000858.SZ,14952219.0,10647198.8
288,2019-05-24,000858.SZ,12984176.0,11241924.4
289,2019-05-27,000858.SZ,7496711.0,12176794.6
290,2019-05-28,000858.SZ,5473455.0,11003843.4
291,2019-05-29,000858.SZ,8536744.0,9990754.2
292,2019-05-30,000858.SZ,6680921.0,9888661.0
293,2019-05-31,000858.SZ,6685191.0,8234401.4
294,2019-05-07,000876.SZ,40175435.0,65787211.0
295,2019-05-08,000876.SZ,26647934.0,52981323.0
296,2019-05-09,000876.SZ,33071787.0,44203526.666666664
297,2019-05-10,000876.SZ,45948167.0,41420591.75
298,2019-05-13,000876.SZ,31963492.0,42326106.8
299,2019-05-14,000876.SZ,29092290.0,35561363.0
300,2019-05-15,000876.SZ,24507262.0,33344734.0
301,2019-05-16,000876.SZ,31546996.0,32916599.6
302,2019-05-17,000876.SZ,25859895.0,32611641.4
303,2019-05-20,000876.SZ,48385120.0,28593987.0
304,2019-05-21,000876.SZ,25866188.0,31878312.6
305,2019-05-22,000876.SZ,25157558.0,31233092.2
306,2019-05-23,000876.SZ,18481459.0,31363151.4
307,2019-05-24,000876.SZ,21229118.0,28750044.0
308,2019-05-27,000876.SZ,22655449.0,27823888.6
309,2019-05-28,000876.SZ,35170087.0,22677954.4
310,2019-05-29,000876.SZ,19794480.0,24538734.2
311,2019-05-30,000876.SZ,42190971.0,23466118.6
312,2019-05-31,000876.SZ,28129768.0,28208021.0
313,2019-05-07,000963.SZ,9629383.0,13946279.0
314,2019-05-08,000963.SZ,11837036.0,11787831.0
315,2019-05-09,000963.SZ,7390398.0,11804232.666666666
316,2019-05-10,000963.SZ,6792020.0,10700774.0
317,2019-05-13,000963.SZ,4515311.0,9919023.2
318,2019-05-14,000963.SZ,4798775.0,8032829.6
319,2019-05-15,000963.SZ,5108170.0,7066708.0
320,2019-05-16,000963.SZ,3905609.0,5720934.8
321,2019-05-17,000963.SZ,3287830.0,5023977.0
322,2019-05-20,000963.SZ,3232593.0,4323139.0
323,2019-05-21,000963.SZ,4258163.0,4066595.4
324,2019-05-22,000963.SZ,4907169.0,3958473.0
325,2019-05-23,000963.SZ,3596297.0,3918272.8
326,2019-05-24,000963.SZ,2324713.0,3856410.4
327,2019-05-27,000963.SZ,20029207.0,3663787.0
328,2019-05-28,000963.SZ,7609673.0,7023109.8
329,2019-05-29,000963.SZ,5322585.0,7693411.8
330,2019-05-30,000963.SZ,2771719.0,7776495.0
331,2019-05-31,000963.SZ,2924805.0,7611579.4
332,2019-05-07,000970.SZ,3632478.0,6714391.0
333,2019-05-08,000970.SZ,3055247.0,5173434.5
334,2019-05-09,000970.SZ,2839648.0,4467372.0
335,2019-05-10,000970.SZ,4461260.0,4060441.0
336,2019-05-13,000970.SZ,3805001.0,4140604.8
337,2019-05-14,000970.SZ,5898932.0,3558726.8
338,2019-05-15,000970.SZ,3398362.0,4012017.6
339,2019-05-16,000970.SZ,18840465.0,4080640.6
340,2019-05-17,000970.SZ,20773401.0,7280804.0
341,2019-05-20,000970.SZ,7774200.0,10543232.2
342,2019-05-21,000970.SZ,48990144.0,11337072.0
343,2019-05-22,000970.SZ,34499454.0,19955314.4
344,2019-05-23,000970.SZ,18875696.0,26175532.8
345,2019-05-24,000970.SZ,13141873.0,26182579.0
346,2019-05-27,000970.SZ,9657800.0,24656273.4
347,2019-05-28,000970.SZ,15103833.0,25032993.4
348,2019-05-29,000970.SZ,36626858.0,18255731.2
349,2019-05-30,000970.SZ,45949177.0,18681212.0
350,2019-05-31,000970.SZ,57127489.0,24095908.2
351,2019-05-07,000977.SZ,13439457.0,23185228.0
352,2019-05-08,000977.SZ,11798682.0,18312342.5
353,2019-05-09,000977.SZ,15185766.0,16141122.333333334
354,2019-05-10,000977.SZ,19620257.0,15902283.25
355,2019-05-13,000977.SZ,17737369.0,16645878.0
356,2019-05-14,000977.SZ,12104983.0,15556306.2
357,2019-05-15,000977.SZ,9493688.0,15289411.4
358,2019-05-16,000977.SZ,14211883.0,14828412.6
359,2019-05-17,000977.SZ,20787055.0,14633636.0
360,2019-05-20,000977.SZ,16371427.0,14866995.6
361,2019-05-21,000977.SZ,13541921.0,14593807.2
362,2019-05-22,000977.SZ,15058382.0,14881194.8
363,2019-05-23,000977.SZ,28945729.0,15994133.6
364,2019-05-24,000977.SZ,10887903.0,18940902.8
365,2019-05-27,000977.SZ,8487016.0,16961072.4
366,2019-05-28,000977.SZ,14346041.0,15384190.2
367,2019-05-29,000977.SZ,14740855.0,15545014.2
368,2019-05-30,000977.SZ,10796875.0,15481508.8
369,2019-05-31,000977.SZ,6250715.0,11851738.0
370,2019-05-07,002049.SZ,3655751.0,5375915.0
371,2019-05-08,002049.SZ,2868250.0,4515833.0
372,2019-05-09,002049.SZ,6375013.0,3966638.6666666665
373,2019-05-10,002049.SZ,4436908.0,4568732.25
374,2019-05-13,002049.SZ,7418491.0,4542367.4
375,2019-05-14,002049.SZ,5869028.0,4950882.6
376,2019-05-15,002049.SZ,3955075.0,5393538.0
377,2019-05-16,002049.SZ,4960782.0,5610903.0
378,2019-05-17,002049.SZ,40818695.0,5328056.8
379,2019-05-07,002057.SZ,48072945.0,40916619.0
380,2019-05-08,002057.SZ,31603342.0,44494782.0
381,2019-05-09,002057.SZ,14825532.0,40197635.333333336
382,2019-05-10,002057.SZ,29038696.0,33854609.5
383,2019-05-13,002057.SZ,33154900.0,32891426.8
384,2019-05-14,002057.SZ,23884288.0,31339083.0
385,2019-05-15,002057.SZ,44530920.0,26501351.6
386,2019-05-16,002057.SZ,31461494.0,29086867.2
387,2019-05-17,002057.SZ,30623450.0,32414059.6
388,2019-05-20,002057.SZ,45223247.0,32731010.4
389,2019-05-21,002057.SZ,32307980.0,35144679.8
390,2019-05-22,002057.SZ,54374141.0,36829418.2
391,2019-05-23,002057.SZ,29300765.0,38798062.4
392,2019-05-24,002057.SZ,19837238.0,38365916.6
393,2019-05-27,002057.SZ,14943245.0,36208674.2
394,2019-05-28,002057.SZ,15112199.0,30152673.8
395,2019-05-29,002057.SZ,42032965.0,26713517.6
396,2019-05-30,002057.SZ,27836910.0,24245282.4
397,2019-05-31,002057.SZ,11848758.0,23952511.4
398,2019-05-07,002077.SZ,4719113.0,7282015.0
399,2019-05-08,002077.SZ,14798805.0,6000564.0
400,2019-05-09,002077.SZ,6106716.0,8933311.0
401,2019-05-10,002077.SZ,35209057.0,8226662.25
402,2019-05-13,002077.SZ,4440700.0,13623141.2
403,2019-05-14,002077.SZ,83387561.0,13054878.2
404,2019-05-15,002077.SZ,45254722.0,28788567.8
405,2019-05-16,002077.SZ,49567440.0,34879751.2
406,2019-05-17,002077.SZ,41414087.0,43571896.0
407,2019-05-20,002077.SZ,46426252.0,44812902.0
408,2019-05-21,002077.SZ,30593262.0,53210012.4
409,2019-05-22,002077.SZ,22380800.0,42651152.6
410,2019-05-23,002077.SZ,21632000.0,38076368.2
411,2019-05-24,002077.SZ,2054200.0,32489280.2
412,2019-05-27,002077.SZ,53180206.0,24617302.8
413,2019-05-28,002077.SZ,28013710.0,25968093.6
414,2019-05-29,002077.SZ,16041300.0,25452183.2
415,2019-05-30,002077.SZ,26462800.0,24184283.2
416,2019-05-31,002077.SZ,14205400.0,25150443.2
417,2019-05-07,002119.SZ,344300.0,776121.0
418,2019-05-08,002119.SZ,378740.0,560210.5
419,2019-05-09,002119.SZ,11137445.0,499720.3333333333
420,2019-05-10,002119.SZ,16568568.0,3159151.5
421,2019-05-13,002119.SZ,28966248.0,5841034.8
422,2019-05-14,002119.SZ,17960785.0,11479060.2
423,2019-05-15,002119.SZ,9933500.0,15002357.2
424,2019-05-16,002119.SZ,7112360.0,16913309.2
425,2019-05-17,002119.SZ,8397480.0,16108292.2
426,2019-05-20,002119.SZ,21391775.0,14474074.6
427,2019-05-21,002119.SZ,34678171.0,12959180.0
428,2019-05-22,002119.SZ,33461448.0,16302657.2
429,2019-05-23,002119.SZ,38380185.0,21008246.8
430,2019-05-24,002119.SZ,32837919.0,27261811.8
431,2019-05-27,002119.SZ,41869725.0,32149899.6
432,2019-05-28,002119.SZ,43049280.0,36245489.6
433,2019-05-29,002119.SZ,27199110.0,37919711.4
434,2019-05-30,002119.SZ,28645102.0,36667243.8
435,2019-05-31,002119.SZ,17862168.0,34720227.2
436,2019-05-07,002124.SZ,11283057.0,9362571.0
437,2019-05-08,002124.SZ,14656523.0,10322814.0
438,2019-05-09,002124.SZ,11454269.0,11767383.666666666
439,2019-05-10,002124.SZ,14922760.0,11689105.0
440,2019-05-13,002124.SZ,9864372.0,12335836.0
441,2019-05-14,002124.SZ,12472696.0,12436196.2
442,2019-05-15,002124.SZ,10545659.0,12674124.0
443,2019-05-16,002124.SZ,13931127.0,11851951.2
444,2019-05-17,002124.SZ,9853130.0,12347322.8
445,2019-05-20,002124.SZ,16502853.0,11333396.8
446,2019-05-21,002124.SZ,7296801.0,12661093.0
447,2019-05-22,002124.SZ,5120700.0,11625914.0
448,2019-05-23,002124.SZ,4689600.0,10540922.2
449,2019-05-24,002124.SZ,9150444.0,8692616.8
450,2019-05-27,002124.SZ,13220373.0,8552079.6
451,2019-05-28,002124.SZ,21536532.0,7895583.6
452,2019-05-29,002124.SZ,8137350.0,10743529.8
453,2019-05-30,002124.SZ,15999238.0,11346859.8
454,2019-05-31,002124.SZ,11759941.0,13608787.4
455,2019-05-07,002157.SZ,33801222.0,33557034.0
456,2019-05-08,002157.SZ,36203781.0,33679128.0
457,2019-05-09,002157.SZ,31615277.0,34520679.0
458,2019-05-10,002157.SZ,43562216.0,33794328.5
459,2019-05-13,002157.SZ,23831263.0,35747906.0
460,2019-05-14,002157.SZ,20619254.0,33802751.8
461,2019-05-15,002157.SZ,20520331.0,31166358.2
462,2019-05-16,002157.SZ,25906031.0,28029668.2
463,2019-05-17,002157.SZ,18768333.0,26887819.0
464,2019-05-20,002157.SZ,38530238.0,21929042.4
465,2019-05-21,002157.SZ,14804734.0,24868837.4
466,2019-05-22,002157.SZ,12983150.0,23705933.4
467,2019-05-23,002157.SZ,13326722.0,22198497.2
468,2019-05-24,002157.SZ,25567959.0,19682635.4
469,2019-05-27,002157.SZ,33042677.0,21042560.6
470,2019-05-28,002157.SZ,53343988.0,19945048.4
471,2019-05-29,002157.SZ,27465901.0,27652899.2
472,2019-05-30,002157.SZ,36778575.0,30549449.4
473,2019-05-31,002157.SZ,21630564.0,35239820.0
474,2019-05-07,002230.SZ,6687801.0,12810623.0
475,2019-05-08,002230.SZ,5974967.0,9749212.0
476,2019-05-09,002230.SZ,5350257.0,8491130.333333334
477,2019-05-10,002230.SZ,8210033.0,7705912.0
478,2019-05-13,002230.SZ,7336700.0,7806736.2
479,2019-05-14,002230.SZ,7129256.0,6711951.6
480,2019-05-15,002230.SZ,4208858.0,6800242.6
481,2019-05-16,002230.SZ,4790683.0,6447020.8
482,2019-05-17,002230.SZ,9149558.0,6335106.0
483,2019-05-20,002230.SZ,8275378.0,6523011.0
484,2019-05-21,002230.SZ,5501669.0,6710746.6
485,2019-05-22,002230.SZ,9490766.0,6385229.2
486,2019-05-23,002230.SZ,24919656.0,7441610.8
487,2019-05-24,002230.SZ,10958147.0,11467405.4
488,2019-05-27,002230.SZ,5807003.0,11829123.2
489,2019-05-28,002230.SZ,5551400.0,11335448.2
490,2019-05-29,002230.SZ,3914892.0,11345394.4
491,2019-05-30,002230.SZ,6673829.0,10230219.6
492,2019-05-31,002230.SZ,4430938.0,6581054.2
493,2019-05-07,002234.SZ,10043066.0,12849199.0
494,2019-05-08,002234.SZ,9762923.0,11446132.5
495,2019-05-09,002234.SZ,7794314.0,10885062.666666666
496,2019-05-10,002234.SZ,11631336.0,10112375.5
497,2019-05-13,002234.SZ,6110841.0,10416167.6
498,2019-05-14,002234.SZ,5365977.0,9068496.0
499,2019-05-15,002234.SZ,3585139.0,8133078.2
500,2019-05-16,002234.SZ,5957200.0,6897521.4
501,2019-05-17,002234.SZ,6055200.0,6530098.6
502,2019-05-20,002234.SZ,10573093.0,5414871.4
503,2019-05-21,002234.SZ,5789193.0,6307321.8
504,2019-05-22,002234.SZ,6392605.0,6391965.0
505,2019-05-23,002234.SZ,4363808.0,6953458.2
506,2019-05-24,002234.SZ,4017031.0,6634779.8
507,2019-05-27,002234.SZ,3374231.0,6227146.0
508,2019-05-28,002234.SZ,5483986.0,4787373.6
509,2019-05-29,002234.SZ,3852378.0,4726332.2
510,2019-05-30,002234.SZ,4984288.0,4218286.8
511,2019-05-31,002234.SZ,8083100.0,4342382.8
512,2019-05-07,002299.SZ,8679574.0,13137830.0
513,2019-05-08,002299.SZ,7928305.0,10908702.0
514,2019-05-09,002299.SZ,6610460.0,9915236.333333334
515,2019-05-10,002299.SZ,14169848.0,9089042.25
516,2019-05-13,002299.SZ,9854468.0,10105203.4
517,2019-05-14,002299.SZ,6677991.0,9448531.0
518,2019-05-15,002299.SZ,5432926.0,9048214.4
519,2019-05-16,002299.SZ,12184455.0,8549138.6
520,2019-05-17,002299.SZ,6677860.0,9663937.6
521,2019-05-20,002299.SZ,15291980.0,8165540.0
522,2019-05-21,002299.SZ,9027431.0,9253042.4
523,2019-05-22,002299.SZ,11333968.0,9722930.4
524,2019-05-23,002299.SZ,7511940.0,10903138.8
525,2019-05-24,002299.SZ,5991881.0,9968635.8
526,2019-05-27,002299.SZ,6158241.0,9831440.0
527,2019-05-28,002299.SZ,14144754.0,8004692.2
528,2019-05-29,002299.SZ,6245420.0,9028156.8
529,2019-05-30,002299.SZ,9741299.0,8010447.2
530,2019-05-31,002299.SZ,8269419.0,8456319.0
531,2019-05-07,002304.SZ,2335547.0,3119762.0
532,2019-05-08,002304.SZ,1879555.0,2727654.5
533,2019-05-09,002304.SZ,1239014.0,2444954.6666666665
534,2019-05-10,002304.SZ,1093618.0,2143469.5
535,2019-05-13,002304.SZ,1692050.0,1933499.2
536,2019-05-14,002304.SZ,1728348.0,1647956.8
537,2019-05-15,002304.SZ,5216704.0,1526517.0
538,2019-05-16,002304.SZ,2822800.0,2193946.8
539,2019-05-17,002304.SZ,2016932.0,2510704.0
540,2019-05-20,002304.SZ,2470200.0,2695366.8
541,2019-05-21,002304.SZ,1732632.0,2850996.8
542,2019-05-22,002304.SZ,1562862.0,2851853.6
543,2019-05-23,002304.SZ,1404864.0,2121085.2
544,2019-05-24,002304.SZ,2210377.0,1837498.0
545,2019-05-27,002304.SZ,1012088.0,1876187.0
546,2019-05-28,002304.SZ,912553.0,1584564.6
547,2019-05-29,002304.SZ,1122500.0,1420548.8
548,2019-05-30,002304.SZ,1023514.0,1332476.4
549,2019-05-31,002304.SZ,920883.0,1256206.4
550,2019-05-07,002371.SZ,1759961.0,3103132.0
551,2019-05-08,002371.SZ,2893929.0,2431546.5
552,2019-05-09,002371.SZ,6710734.0,2585674.0
553,2019-05-10,002371.SZ,4514528.0,3616939.0
554,2019-05-13,002371.SZ,5692638.0,3796456.8
555,2019-05-14,002371.SZ,2924556.0,4314358.0
556,2019-05-15,002371.SZ,2259015.0,4547277.0
557,2019-05-16,002371.SZ,2909448.0,4420294.2
558,2019-05-17,002371.SZ,7072069.0,3660037.0
559,2019-05-20,002371.SZ,6512549.0,4171545.2
560,2019-05-21,002371.SZ,3413704.0,4335527.4
561,2019-05-22,002371.SZ,2995374.0,4433357.0
562,2019-05-23,002371.SZ,6431567.0,4580628.8
563,2019-05-24,002371.SZ,3179528.0,5285052.6
564,2019-05-27,002371.SZ,2578984.0,4506544.4
565,2019-05-28,002371.SZ,3015866.0,3719831.4
566,2019-05-29,002371.SZ,1425412.0,3640263.8
567,2019-05-30,002371.SZ,2422189.0,3326271.4
568,2019-05-31,002371.SZ,1629154.0,2524395.8
569,2019-05-07,002385.SZ,45658125.0,68573176.0
570,2019-05-08,002385.SZ,39102891.0,57115650.5
571,2019-05-09,002385.SZ,35178388.0,51111397.333333336
572,2019-05-10,002385.SZ,59702443.0,47128145.0
573,2019-05-13,002385.SZ,56200564.0,49643004.6
574,2019-05-14,002385.SZ,27278835.0,47168482.2
575,2019-05-15,002385.SZ,17317020.0,43492624.2
576,2019-05-16,002385.SZ,37800733.0,39135450.0
577,2019-05-17,002385.SZ,24006831.0,39659919.0
578,2019-05-20,002385.SZ,46242984.0,32520796.6
579,2019-05-21,002385.SZ,18040139.0,30529280.6
580,2019-05-22,002385.SZ,9842036.0,28681541.4
581,2019-05-23,002385.SZ,43868645.0,27186544.6
582,2019-05-24,002385.SZ,32347479.0,28400127.0
583,2019-05-27,002385.SZ,36305936.0,30068256.6
584,2019-05-28,002385.SZ,39208954.0,28080847.0
585,2019-05-29,002385.SZ,33273600.0,32314610.0
586,2019-05-30,002385.SZ,72213295.0,37000922.8
587,2019-05-31,002385.SZ,34584243.0,42669852.8
588,2019-05-07,002415.SZ,11438338.0,26984173.0
589,2019-05-08,002415.SZ,7874824.0,19211255.5
590,2019-05-09,002415.SZ,8143773.0,15432445.0
591,2019-05-10,002415.SZ,9985844.0,13610277.0
592,2019-05-13,002415.SZ,14717197.0,12885390.4
593,2019-05-14,002415.SZ,21280318.0,10431995.2
594,2019-05-15,002415.SZ,16136475.0,12400391.2
595,2019-05-16,002415.SZ,11374382.0,14052721.4
596,2019-05-17,002415.SZ,9982847.0,14698843.2
597,2019-05-20,002415.SZ,19304126.0,14698243.8
598,2019-05-21,002415.SZ,15360648.0,15615629.6
599,2019-05-22,002415.SZ,78324506.0,14431695.6
600,2019-05-23,002415.SZ,74062483.0,26869301.8
601,2019-05-24,002415.SZ,33489331.0,39406922.0
602,2019-05-27,002415.SZ,20649082.0,44108218.8
603,2019-05-28,002415.SZ,18114018.0,44377210.0
604,2019-05-29,002415.SZ,13405098.0,44927884.0
605,2019-05-30,002415.SZ,16335272.0,31944002.4
606,2019-05-31,002415.SZ,19577939.0,20398560.2
607,2019-05-10,002456.SZ,1388200.0,1211400.0
608,2019-05-13,002456.SZ,243614569.0,1299800.0
609,2019-05-14,002456.SZ,155170430.0,82071389.66666667
610,2019-05-15,002456.SZ,61244668.0,100346149.75
611,2019-05-16,002456.SZ,41196353.0,92525853.4
612,2019-05-17,002456.SZ,91022239.0,100522844.0
613,2019-05-20,002456.SZ,90276869.0,118449651.8
614,2019-05-21,002456.SZ,55636430.0,87782111.8
615,2019-05-22,002456.SZ,80102074.0,67875311.8
616,2019-05-23,002456.SZ,58679487.0,71646793.0
617,2019-05-24,002456.SZ,51267276.0,75143419.8
618,2019-05-27,002456.SZ,42879809.0,67192427.2
619,2019-05-28,002456.SZ,43678296.0,57713015.2
620,2019-05-29,002456.SZ,127102453.0,55321388.4
621,2019-05-30,002456.SZ,58708022.0,64721464.2
622,2019-05-31,002456.SZ,27951315.0,64727171.2
623,2019-05-07,002467.SZ,39251610.0,36244899.0
624,2019-05-08,002467.SZ,24435890.0,37748254.5
625,2019-05-09,002467.SZ,40163273.0,33310799.666666668
626,2019-05-10,002467.SZ,71312471.0,35023918.0
627,2019-05-13,002467.SZ,71579805.0,42281628.6
628,2019-05-14,002467.SZ,50502920.0,49348609.8
629,2019-05-15,002467.SZ,119173262.0,51598871.8
630,2019-05-16,002467.SZ,113239668.0,70546346.2
631,2019-05-17,002467.SZ,77032428.0,85161625.2
632,2019-05-20,002467.SZ,61308039.0,86305616.6
633,2019-05-21,002467.SZ,34567495.0,84251263.4
634,2019-05-22,002467.SZ,59964421.0,81064178.4
635,2019-05-23,002467.SZ,41198485.0,69222410.2
636,2019-05-24,002467.SZ,34428809.0,54814173.6
637,2019-05-27,002467.SZ,24128890.0,46293449.8
638,2019-05-28,002467.SZ,30149933.0,38857620.0
639,2019-05-29,002467.SZ,28712690.0,37974107.6
640,2019-05-30,002467.SZ,35837330.0,31723761.4
641,2019-05-31,002467.SZ,20858908.0,30651530.4
642,2019-05-07,002475.SZ,20564960.0,21805723.0
643,2019-05-08,002475.SZ,9793519.0,21185341.5
644,2019-05-09,002475.SZ,9417846.0,17388067.333333332
645,2019-05-10,002475.SZ,15433091.0,15395512.0
646,2019-05-13,002475.SZ,13429198.0,15403027.8
647,2019-05-14,002475.SZ,12863218.0,13727722.8
648,2019-05-15,002475.SZ,9463068.0,12187374.4
649,2019-05-16,002475.SZ,15254077.0,12121284.2
650,2019-05-17,002475.SZ,14492113.0,13288530.4
651,2019-05-20,002475.SZ,30797282.0,13100334.8
652,2019-05-21,002475.SZ,30541045.0,16573951.6
653,2019-05-22,002475.SZ,14609307.0,20109517.0
654,2019-05-23,002475.SZ,16971654.0,21138764.8
655,2019-05-24,002475.SZ,13942309.0,21482280.2
656,2019-05-27,002475.SZ,11035489.0,21372319.4
657,2019-05-28,002475.SZ,10702078.0,17419960.8
658,2019-05-29,002475.SZ,8740654.0,13452167.4
659,2019-05-30,002475.SZ,8602277.0,12278436.8
660,2019-05-31,002475.SZ,7756270.0,10604561.4
661,2019-05-07,002481.SZ,2414509.0,8587500.0
662,2019-05-08,002481.SZ,5653785.0,5501004.5
663,2019-05-09,002481.SZ,4748386.0,5551931.333333333
664,2019-05-10,002481.SZ,43270106.0,5351045.0
665,2019-05-13,002481.SZ,144001762.0,12934857.2
666,2019-05-14,002481.SZ,76067570.0,40017709.6
667,2019-05-15,002481.SZ,93772296.0,54748321.8
668,2019-05-16,002481.SZ,152569907.0,72372024.0
669,2019-05-17,002481.SZ,78501424.0,101936328.2
670,2019-05-20,002481.SZ,55355204.0,108982591.8
671,2019-05-21,002481.SZ,46153400.0,91253280.2
672,2019-05-22,002481.SZ,36024144.0,85270446.2
673,2019-05-23,002481.SZ,35808941.0,73720815.8
674,2019-05-24,002481.SZ,41035758.0,50368622.6
675,2019-05-27,002481.SZ,26908084.0,42875489.4
676,2019-05-28,002481.SZ,17661308.0,37186065.4
677,2019-05-29,002481.SZ,31321388.0,31487647.0
678,2019-05-30,002481.SZ,75998538.0,30547095.8
679,2019-05-31,002481.SZ,63132383.0,38585015.2
680,2019-05-07,002547.SZ,77427562.0,51624279.0
681,2019-05-08,002547.SZ,73132883.0,64525920.5
682,2019-05-09,002547.SZ,68584245.0,67394908.0
683,2019-05-10,002547.SZ,77707364.0,67692242.25
684,2019-05-13,002547.SZ,106230500.0,69695266.6
685,2019-05-14,002547.SZ,61338583.0,80616510.8
686,2019-05-15,002547.SZ,58108474.0,77398715.0
687,2019-05-16,002547.SZ,67496800.0,74393833.2
688,2019-05-17,002547.SZ,44616867.0,74176344.2
689,2019-05-20,002547.SZ,45844597.0,67558244.8
690,2019-05-21,002547.SZ,56517018.0,55481064.2
691,2019-05-22,002547.SZ,53316814.0,54516751.2
692,2019-05-23,002547.SZ,56700162.0,53558419.2
693,2019-05-24,002547.SZ,21686814.0,51399091.6
694,2019-05-27,002547.SZ,25601895.0,46813081.0
695,2019-05-28,002547.SZ,19146100.0,42764540.6
696,2019-05-29,002547.SZ,17002200.0,35290357.0
697,2019-05-30,002547.SZ,33566100.0,28027434.2
698,2019-05-31,002547.SZ,32936811.0,23400621.8
699,2019-05-07,002565.SZ,27382456.0,28235660.0
700,2019-05-08,002565.SZ,30389907.0,27809058.0
701,2019-05-09,002565.SZ,21436035.0,28669341.0
702,2019-05-10,002565.SZ,21350547.0,26861014.5
703,2019-05-13,002565.SZ,15505639.0,25758921.0
704,2019-05-14,002565.SZ,22789600.0,23212916.8
705,2019-05-15,002565.SZ,17552798.0,22294345.6
706,2019-05-16,002565.SZ,34830461.0,19726923.8
707,2019-05-17,002565.SZ,20602960.0,22405809.0
708,2019-05-20,002565.SZ,22679929.0,22256291.6
709,2019-05-21,002565.SZ,12288000.0,23691149.6
710,2019-05-22,002565.SZ,16211697.0,21590829.6
711,2019-05-23,002565.SZ,9231000.0,21322609.4
712,2019-05-24,002565.SZ,29627660.0,16202717.2
713,2019-05-27,002565.SZ,12026063.0,18007657.2
714,2019-05-28,002565.SZ,21104886.0,15876884.0
715,2019-05-29,002565.SZ,29283500.0,17640261.2
716,2019-05-30,002565.SZ,20100260.0,20254621.8
717,2019-05-31,002565.SZ,7862600.0,22428473.8
718,2019-05-07,002600.SZ,48715809.0,55731225.0
719,2019-05-08,002600.SZ,129218231.0,52223517.0
720,2019-05-09,002600.SZ,99064153.0,77888421.66666667
721,2019-05-10,002600.SZ,94005975.0,83182354.5
722,2019-05-13,002600.SZ,78538681.0,85347078.6
723,2019-05-14,002600.SZ,68711512.0,89908569.8
724,2019-05-15,002600.SZ,55875948.0,93907710.4
725,2019-05-16,002600.SZ,96236567.0,79239253.8
726,2019-05-17,002600.SZ,82772854.0,78673736.6
727,2019-05-20,002600.SZ,67793359.0,76427112.4
728,2019-05-21,002600.SZ,43331931.0,74278048.0
729,2019-05-22,002600.SZ,156215433.0,69202131.8
730,2019-05-23,002600.SZ,103481563.0,89270028.8
731,2019-05-24,002600.SZ,99304736.0,90719028.0
732,2019-05-27,002600.SZ,34464582.0,94025404.4
733,2019-05-28,002600.SZ,71450512.0,87359649.0
734,2019-05-29,002600.SZ,94474641.0,92983365.2
735,2019-05-30,002600.SZ,61942736.0,80635206.8
736,2019-05-31,002600.SZ,33631790.0,72327441.4
737,2019-05-07,002714.SZ,4611084.0,4982214.0
738,2019-05-08,002714.SZ,4923910.0,4796649.0
739,2019-05-09,002714.SZ,3586169.0,4839069.333333333
740,2019-05-10,002714.SZ,4967821.0,4525844.25
741,2019-05-13,002714.SZ,2314577.0,4614239.6
742,2019-05-14,002714.SZ,3187757.0,4080712.2
743,2019-05-15,002714.SZ,2657092.0,3796046.8
744,2019-05-16,002714.SZ,5209902.0,3342683.2
745,2019-05-17,002714.SZ,2742912.0,3667429.8
746,2019-05-20,002714.SZ,5718864.0,3222448.0
747,2019-05-21,002714.SZ,2583145.0,3903305.4
748,2019-05-22,002714.SZ,2839168.0,3782383.0
749,2019-05-23,002714.SZ,2865214.0,3818798.2
750,2019-05-24,002714.SZ,2513778.0,3349860.6
751,2019-05-27,002714.SZ,8068706.0,3304033.8
752,2019-05-28,002714.SZ,9988905.0,3774002.2
753,2019-05-29,002714.SZ,4764966.0,5255154.2
754,2019-05-30,002714.SZ,7752213.0,5640313.8
755,2019-05-31,002714.SZ,6737842.0,6617713.6
756,2019-05-07,002958.SZ,76802323.0,15110792.0
757,2019-05-08,002958.SZ,52154839.0,45956557.5
758,2019-05-09,002958.SZ,36994298.0,48022651.333333336
759,2019-05-10,002958.SZ,39036655.0,45265563.0
760,2019-05-13,002958.SZ,33345944.0,44019781.4
761,2019-05-14,002958.SZ,15337339.0,47666811.8
762,2019-05-15,002958.SZ,43749337.0,35373815.0
763,2019-05-16,002958.SZ,29946649.0,33692714.6
764,2019-05-17,002958.SZ,23993050.0,32283184.8
765,2019-05-20,002958.SZ,23576058.0,29274463.8
766,2019-05-21,002958.SZ,10872506.0,27320486.6
767,2019-05-22,002958.SZ,11492272.0,26427520.0
768,2019-05-23,002958.SZ,13153801.0,19976107.0
769,2019-05-24,002958.SZ,9571083.0,16617537.4
770,2019-05-27,002958.SZ,15616557.0,13733144.0
771,2019-05-28,002958.SZ,8290408.0,12141243.8
772,2019-05-29,002958.SZ,6399286.0,11624824.2
773,2019-05-30,002958.SZ,16919649.0,10606227.0
774,2019-05-31,002958.SZ,9858830.0,11359396.6
775,2019-05-07,300017.SZ,21717745.0,27414312.0
776,2019-05-08,300017.SZ,18249705.0,24566028.5
777,2019-05-09,300017.SZ,24116739.0,22460587.333333332
778,2019-05-10,300017.SZ,25607493.0,22874625.25
779,2019-05-13,300017.SZ,25905589.0,23421198.8
780,2019-05-14,300017.SZ,40938786.0,23119454.2
781,2019-05-15,300017.SZ,29249355.0,26963662.4
782,2019-05-16,300017.SZ,19536875.0,29163592.4
783,2019-05-17,300017.SZ,17926163.0,28247619.6
784,2019-05-20,300017.SZ,29479517.0,26711353.6
785,2019-05-21,300017.SZ,17360805.0,27426139.2
786,2019-05-22,300017.SZ,30458620.0,22710543.0
787,2019-05-23,300017.SZ,21273233.0,22952396.0
788,2019-05-24,300017.SZ,24439755.0,23299667.6
789,2019-05-27,300017.SZ,30785700.0,24602386.0
790,2019-05-28,300017.SZ,26671216.0,24863622.6
791,2019-05-29,300017.SZ,14566957.0,26725704.8
792,2019-05-30,300017.SZ,20794860.0,23547372.2
793,2019-05-31,300017.SZ,9538821.0,23451697.6
794,2019-05-07,300033.SZ,6616434.0,5823793.0
795,2019-05-08,300033.SZ,4582326.0,6220113.5
796,2019-05-09,300033.SZ,3214616.0,5674184.333333333
797,2019-05-10,300033.SZ,6431415.0,5059292.25
798,2019-05-13,300033.SZ,5364859.0,5333716.8
799,2019-05-14,300033.SZ,5117014.0,5241930.0
800,2019-05-15,300033.SZ,3698322.0,4942046.0
801,2019-05-16,300033.SZ,3053165.0,4765245.2
802,2019-05-17,300033.SZ,2112441.0,4732955.0
803,2019-05-20,300033.SZ,3822137.0,3869160.2
804,2019-05-21,300033.SZ,2702071.0,3560615.8
805,2019-05-22,300033.SZ,2621738.0,3077627.2
806,2019-05-23,300033.SZ,2688127.0,2862310.4
807,2019-05-24,300033.SZ,2242919.0,2789302.8
808,2019-05-27,300033.SZ,2767215.0,2815398.4
809,2019-05-28,300033.SZ,3609937.0,2604414.0
810,2019-05-29,300033.SZ,2170382.0,2785987.2
811,2019-05-30,300033.SZ,2561272.0,2695716.0
812,2019-05-31,300033.SZ,2062746.0,2670345.0
813,2019-05-07,300059.SZ,55714604.0,86628564.0
814,2019-05-08,300059.SZ,39733543.0,71171584.0
815,2019-05-09,300059.SZ,38490835.0,60692237.0
816,2019-05-10,300059.SZ,85400392.0,55141886.5
817,2019-05-13,300059.SZ,58693461.0,61193587.6
818,2019-05-14,300059.SZ,49537180.0,55606567.0
819,2019-05-15,300059.SZ,39027434.0,54371082.2
820,2019-05-16,300059.SZ,29623181.0,54229860.4
821,2019-05-17,300059.SZ,17833162.0,52456329.6
822,2019-05-20,300059.SZ,40361628.0,38942883.6
823,2019-05-21,300059.SZ,25973713.0,35276517.0
824,2019-05-22,300059.SZ,29683434.0,30563823.6
825,2019-05-23,300059.SZ,37302754.0,28695023.6
826,2019-05-24,300059.SZ,28099718.0,30230938.2
827,2019-05-27,300059.SZ,32847265.0,32284249.4
828,2019-05-28,300059.SZ,36088564.0,30781376.8
829,2019-05-29,300059.SZ,28013627.0,32804347.0
830,2019-05-30,300059.SZ,36707982.0,32470385.6
831,2019-05-31,300059.SZ,22343653.0,32351431.2
832,2019-05-07,300123.SZ,15674571.0,18852040.0
833,2019-05-08,300123.SZ,16049013.0,17263305.5
834,2019-05-09,300123.SZ,8132550.0,16858541.333333332
835,2019-05-10,300123.SZ,30433680.0,14677043.5
836,2019-05-13,300123.SZ,9254460.0,17828370.8
837,2019-05-14,300123.SZ,39243466.0,15908854.8
838,2019-05-15,300123.SZ,33174335.0,20622633.8
839,2019-05-16,300123.SZ,22302019.0,24047698.2
840,2019-05-17,300123.SZ,12796600.0,26881592.0
841,2019-05-20,300123.SZ,21468262.0,23354176.0
842,2019-05-21,300123.SZ,19704557.0,25796936.4
843,2019-05-22,300123.SZ,14679303.0,21889154.6
844,2019-05-23,300123.SZ,7722300.0,18190148.2
845,2019-05-24,300123.SZ,10059309.0,15274204.4
846,2019-05-27,300123.SZ,6254282.0,14726746.2
847,2019-05-28,300123.SZ,8846209.0,11683950.2
848,2019-05-29,300123.SZ,8411650.0,9512280.6
849,2019-05-30,300123.SZ,5949958.0,8258750.0
850,2019-05-31,300123.SZ,4920405.0,7904281.6
851,2019-05-07,300152.SZ,97827865.0,44360311.0
852,2019-05-08,300152.SZ,80359341.0,71094088.0
853,2019-05-09,300152.SZ,80226571.0,74182505.66666667
854,2019-05-10,300152.SZ,91342887.0,75693522.0
855,2019-05-13,300152.SZ,59974939.0,78823395.0
856,2019-05-14,300152.SZ,40615126.0,81946320.6
857,2019-05-15,300152.SZ,33922985.0,70503772.8
858,2019-05-16,300152.SZ,29486076.0,61216501.6
859,2019-05-17,300152.SZ,20463112.0,51068402.6
860,2019-05-20,300152.SZ,27849503.0,36892447.6
861,2019-05-21,300152.SZ,15294400.0,30467360.4
862,2019-05-22,300152.SZ,64921528.0,25403215.2
863,2019-05-23,300152.SZ,75778060.0,31602923.8
864,2019-05-24,300152.SZ,66134015.0,40861320.6
865,2019-05-27,300152.SZ,94864200.0,49995501.2
866,2019-05-28,300152.SZ,49045100.0,63398440.6
867,2019-05-29,300152.SZ,29600900.0,70148580.6
868,2019-05-30,300152.SZ,47083383.0,63084455.0
869,2019-05-31,300152.SZ,24309869.0,57345519.6
870,2019-05-07,300184.SZ,2098802.0,3597500.0
871,2019-05-08,300184.SZ,3041380.0,2848151.0
872,2019-05-09,300184.SZ,29363806.0,2912560.6666666665
873,2019-05-10,300184.SZ,48128360.0,9525372.0
874,2019-05-13,300184.SZ,20353958.0,17245969.6
875,2019-05-14,300184.SZ,8866285.0,20597261.2
876,2019-05-15,300184.SZ,9058560.0,21950757.8
877,2019-05-16,300184.SZ,12828940.0,23154193.8
878,2019-05-17,300184.SZ,19987150.0,19847220.6
879,2019-05-20,300184.SZ,10145440.0,14218978.6
880,2019-05-21,300184.SZ,112748232.0,12177275.0
881,2019-05-22,300184.SZ,101981263.0,32953664.4
882,2019-05-23,300184.SZ,59275938.0,51538205.0
883,2019-05-24,300184.SZ,36624790.0,60827604.6
884,2019-05-27,300184.SZ,15811815.0,64155132.6
885,2019-05-28,300184.SZ,3051360.0,65288407.6
886,2019-05-29,300184.SZ,95315929.0,43349033.2
887,2019-05-30,300184.SZ,119964778.0,42015966.4
888,2019-05-31,300184.SZ,56704128.0,54153734.4
889,2019-05-07,300292.SZ,57617290.0,73545690.0
890,2019-05-08,300292.SZ,28073068.0,65581490.0
891,2019-05-09,300292.SZ,28617932.0,53078682.666666664
892,2019-05-10,300292.SZ,35619578.0,46963495.0
893,2019-05-13,300292.SZ,116713103.0,44694711.6
894,2019-05-14,300292.SZ,101407937.0,53328194.2
895,2019-05-15,300292.SZ,118817657.0,62086323.6
896,2019-05-16,300292.SZ,121367116.0,80235241.4
897,2019-05-17,300292.SZ,107537533.0,98785078.2
898,2019-05-20,300292.SZ,94909183.0,113168669.2
899,2019-05-21,300292.SZ,48676456.0,108807885.2
900,2019-05-22,300292.SZ,94948142.0,98261589.0
901,2019-05-23,300292.SZ,106986608.0,93487686.0
902,2019-05-24,300292.SZ,49469500.0,90611584.4
903,2019-05-27,300292.SZ,50078502.0,78997977.8
904,2019-05-28,300292.SZ,28596600.0,70031841.6
905,2019-05-29,300292.SZ,29783400.0,66015870.4
906,2019-05-30,300292.SZ,33836207.0,52982922.0
907,2019-05-31,300292.SZ,25086500.0,38352841.8
908,2019-05-07,300353.SZ,8164389.0,13061500.0
909,2019-05-08,300353.SZ,10767644.0,10612944.5
910,2019-05-09,300353.SZ,14871271.0,10664511.0
911,2019-05-10,300353.SZ,16593791.0,11716201.0
912,2019-05-13,300353.SZ,31657509.0,12691719.0
913,2019-05-14,300353.SZ,13912991.0,16410920.8
914,2019-05-15,300353.SZ,11690700.0,17560641.2
915,2019-05-16,300353.SZ,15446000.0,17745252.4
916,2019-05-17,300353.SZ,17083664.0,17860198.2
917,2019-05-20,300353.SZ,26629675.0,17958172.8
918,2019-05-21,300353.SZ,10747700.0,16952606.0
919,2019-05-22,300353.SZ,17041616.0,16319547.8
920,2019-05-23,300353.SZ,56673281.0,17389731.0
921,2019-05-24,300353.SZ,25199109.0,25635187.2
922,2019-05-27,300353.SZ,18192400.0,27258276.2
923,2019-05-28,300353.SZ,24175898.0,25570821.2
924,2019-05-29,300353.SZ,11473500.0,28256460.8
925,2019-05-30,300353.SZ,12381100.0,27142837.6
926,2019-05-31,300353.SZ,5927700.0,18284401.4
927,2019-05-07,300498.SZ,7808520.0,10720850.0
928,2019-05-08,300498.SZ,11603327.0,9264685.0
929,2019-05-09,300498.SZ,8208857.0,10044232.333333334
930,2019-05-10,300498.SZ,10608812.0,9585388.5
931,2019-05-13,300498.SZ,4903215.0,9790073.2
932,2019-05-14,300498.SZ,7447917.0,8626546.2
933,2019-05-15,300498.SZ,5944987.0,8554425.6
934,2019-05-16,300498.SZ,6203549.0,7422757.6
935,2019-05-17,300498.SZ,4418079.0,7021696.0
936,2019-05-20,300498.SZ,10750519.0,5783549.4
937,2019-05-21,300498.SZ,5464611.0,6953010.2
938,2019-05-22,300498.SZ,6039315.0,6556349.0
939,2019-05-23,300498.SZ,4056720.0,6575214.6
940,2019-05-24,300498.SZ,5102418.0,6145848.8
941,2019-05-27,300498.SZ,13572254.0,6282716.6
942,2019-05-28,300498.SZ,21898076.0,6847063.6
943,2019-05-29,300498.SZ,10393400.0,10133756.6
944,2019-05-30,300498.SZ,13968699.0,11004573.6
945,2019-05-31,300498.SZ,7996843.0,12986969.4
946,2019-05-07,600010.SH,66717285.0,97163095.0
947,2019-05-08,600010.SH,42502094.0,81940190.0
948,2019-05-09,600010.SH,24970321.0,68794158.0
949,2019-05-10,600010.SH,69576820.0,57838198.75
950,2019-05-13,600010.SH,37333620.0,60185923.0
951,2019-05-14,600010.SH,75608660.0,48220028.0
952,2019-05-15,600010.SH,42698178.0,49998303.0
953,2019-05-16,600010.SH,220599815.0,50037519.8
954,2019-05-17,600010.SH,251070939.0,89163418.6
955,2019-05-20,600010.SH,87253097.0,125462242.4
956,2019-05-21,600010.SH,161361566.0,135446137.8
957,2019-05-22,600010.SH,277430347.0,152596719.0
958,2019-05-23,600010.SH,163082237.0,199543152.8
959,2019-05-24,600010.SH,131911212.0,188039637.2
960,2019-05-27,600010.SH,97663936.0,164207691.8
961,2019-05-28,600010.SH,95321243.0,166289859.6
962,2019-05-29,600010.SH,317898644.0,153081795.0
963,2019-05-30,600010.SH,200227026.0,161175454.4
964,2019-05-31,600010.SH,127680660.0,168604412.2
965,2019-05-07,600030.SH,42742410.0,76727815.0
966,2019-05-08,600030.SH,42156761.0,59735112.5
967,2019-05-09,600030.SH,46178772.0,53875662.0
968,2019-05-10,600030.SH,84328448.0,51951439.5
969,2019-05-13,600030.SH,36065057.0,58426841.2
970,2019-05-14,600030.SH,39146297.0,50294289.6
971,2019-05-15,600030.SH,27721135.0,49575067.0
972,2019-05-16,600030.SH,22220161.0,46687941.8
973,2019-05-17,600030.SH,16293792.0,41896219.6
974,2019-05-20,600030.SH,34217611.0,28289288.4
975,2019-05-21,600030.SH,18455596.0,27919799.2
976,2019-05-22,600030.SH,17847262.0,23781659.0
977,2019-05-23,600030.SH,22601361.0,21806884.4
978,2019-05-24,600030.SH,18867952.0,21883124.4
979,2019-05-27,600030.SH,14970768.0,22397956.4
980,2019-05-28,600030.SH,25722374.0,18548587.8
981,2019-05-29,600030.SH,14595409.0,20001943.4
982,2019-05-30,600030.SH,22411735.0,19351572.8
983,2019-05-31,600030.SH,13691403.0,19313647.6
984,2019-05-07,600031.SH,53829333.0,34081546.0
985,2019-05-08,600031.SH,25571268.0,43955439.5
986,2019-05-09,600031.SH,21837393.0,37827382.333333336
987,2019-05-10,600031.SH,33969661.0,33829885.0
988,2019-05-13,600031.SH,22402902.0,33857840.2
989,2019-05-14,600031.SH,33716034.0,31522111.4
990,2019-05-15,600031.SH,16413437.0,27499451.6
991,2019-05-16,600031.SH,17984291.0,25667885.4
992,2019-05-17,600031.SH,29200428.0,24897265.0
993,2019-05-20,600031.SH,21763381.0,23943418.4
994,2019-05-21,600031.SH,22393253.0,23815514.2
995,2019-05-22,600031.SH,11627737.0,21550958.0
996,2019-05-23,600031.SH,19216330.0,20593818.0
997,2019-05-24,600031.SH,10372700.0,20840225.8
998,2019-05-27,600031.SH,14328419.0,17074680.2
999,2019-05-28,600031.SH,22589892.0,15587687.8
1000,2019-05-29,600031.SH,20992058.0,15627015.6
1001,2019-05-30,600031.SH,21380636.0,17499879.8
1002,2019-05-31,600031.SH,30553811.0,17932741.0
1003,2019-05-07,600036.SH,14096147.0,31450557.0
1004,2019-05-08,600036.SH,12085631.0,22773352.0
1005,2019-05-09,600036.SH,9194807.0,19210778.333333332
1006,2019-05-10,600036.SH,20022086.0,16706785.5
1007,2019-05-13,600036.SH,9224314.0,17369845.6
1008,2019-05-14,600036.SH,16862820.0,12924597.0
1009,2019-05-15,600036.SH,12272641.0,13477931.6
1010,2019-05-16,600036.SH,8060545.0,13515333.6
1011,2019-05-17,600036.SH,5664135.0,13288481.2
1012,2019-05-20,600036.SH,13698569.0,10416891.0
1013,2019-05-21,600036.SH,7601859.0,11311742.0
1014,2019-05-22,600036.SH,7585671.0,9459549.8
1015,2019-05-23,600036.SH,9059742.0,8522155.8
1016,2019-05-24,600036.SH,15533705.0,8721995.2
1017,2019-05-27,600036.SH,9496803.0,10695909.2
1018,2019-05-28,600036.SH,7557812.0,9855556.0
1019,2019-05-29,600036.SH,6241053.0,9846746.6
1020,2019-05-30,600036.SH,6670058.0,9577823.0
1021,2019-05-31,600036.SH,7011161.0,9099886.2
1022,2019-05-07,600050.SH,33157333.0,92275270.0
1023,2019-05-08,600050.SH,43712457.0,62716301.5
1024,2019-05-09,600050.SH,34420100.0,56381686.666666664
1025,2019-05-10,600050.SH,54625983.0,50891290.0
1026,2019-05-13,600050.SH,39288275.0,51638228.6
1027,2019-05-14,600050.SH,36332286.0,41040829.6
1028,2019-05-15,600050.SH,49229004.0,41675820.2
1029,2019-05-16,600050.SH,39034400.0,42779129.6
1030,2019-05-17,600050.SH,22240300.0,43701989.6
1031,2019-05-20,600050.SH,33513311.0,37224853.0
1032,2019-05-21,600050.SH,23557500.0,36069860.2
1033,2019-05-22,600050.SH,36320410.0,33514903.0
1034,2019-05-23,600050.SH,27537978.0,30933184.2
1035,2019-05-24,600050.SH,21374000.0,28633899.8
1036,2019-05-27,600050.SH,21751502.0,28460639.8
1037,2019-05-28,600050.SH,16736356.0,26108278.0
1038,2019-05-29,600050.SH,44182823.0,24744049.2
1039,2019-05-30,600050.SH,21299140.0,26316531.8
1040,2019-05-31,600050.SH,18602143.0,25068764.2
1041,2019-05-07,600111.SH,7846240.0,12288299.0
1042,2019-05-08,600111.SH,6285679.0,10067269.5
1043,2019-05-09,600111.SH,4372700.0,8806739.333333334
1044,2019-05-10,600111.SH,13476600.0,7698229.5
1045,2019-05-13,600111.SH,9049663.0,8853903.6
1046,2019-05-14,600111.SH,24159313.0,8206176.4
1047,2019-05-15,600111.SH,7875600.0,11468791.0
1048,2019-05-16,600111.SH,76143186.0,11786775.2
1049,2019-05-17,600111.SH,96807322.0,26140872.4
1050,2019-05-20,600111.SH,40616183.0,42807016.8
1051,2019-05-21,600111.SH,83387384.0,49120320.8
1052,2019-05-22,600111.SH,155731819.0,60965935.0
1053,2019-05-23,600111.SH,84100361.0,90537178.8
1054,2019-05-24,600111.SH,58187840.0,92128613.8
1055,2019-05-27,600111.SH,38225285.0,84404717.4
1056,2019-05-28,600111.SH,32151493.0,83926537.8
1057,2019-05-29,600111.SH,117238952.0,73679359.6
1058,2019-05-30,600111.SH,73393157.0,65980786.2
1059,2019-05-31,600111.SH,33639683.0,63839345.4
1060,2019-05-07,600171.SH,5587672.0,7630158.0
1061,2019-05-08,600171.SH,3343601.0,6608915.0
1062,2019-05-09,600171.SH,11319801.0,5520477.0
1063,2019-05-10,600171.SH,5746858.0,6970308.0
1064,2019-05-13,600171.SH,22185870.0,6725618.0
1065,2019-05-14,600171.SH,15857168.0,9636760.4
1066,2019-05-15,600171.SH,10122637.0,11690659.6
1067,2019-05-16,600171.SH,7581901.0,13046466.8
1068,2019-05-17,600171.SH,16831256.0,12298886.8
1069,2019-05-20,600171.SH,29214851.0,14515766.4
1070,2019-05-21,600171.SH,19246722.0,15921562.6
1071,2019-05-22,600171.SH,20697948.0,16599473.4
1072,2019-05-23,600171.SH,19341181.0,18714535.6
1073,2019-05-24,600171.SH,14978616.0,21066391.6
1074,2019-05-27,600171.SH,15791459.0,20695863.6
1075,2019-05-28,600171.SH,28417496.0,18011185.2
1076,2019-05-29,600171.SH,17681798.0,19845340.0
1077,2019-05-30,600171.SH,21031610.0,19242110.0
1078,2019-05-31,600171.SH,13483952.0,19580195.8
1079,2019-05-07,600198.SH,34055513.0,4473000.0
1080,2019-05-08,600198.SH,19204552.0,19264256.5
1081,2019-05-09,600198.SH,13498544.0,19244355.0
1082,2019-05-10,600198.SH,14563488.0,17807902.25
1083,2019-05-13,600198.SH,35990643.0,17159019.4
1084,2019-05-14,600198.SH,14916492.0,23462548.0
1085,2019-05-15,600198.SH,17307100.0,19634743.8
1086,2019-05-16,600198.SH,13118100.0,19255253.4
1087,2019-05-17,600198.SH,13160631.0,19179164.6
1088,2019-05-20,600198.SH,14170500.0,18898593.2
1089,2019-05-21,600198.SH,12655335.0,14534564.6
1090,2019-05-22,600198.SH,13085600.0,14082333.2
1091,2019-05-23,600198.SH,15093800.0,13238033.2
1092,2019-05-24,600198.SH,8647900.0,13633173.2
1093,2019-05-27,600198.SH,14904311.0,12730627.0
1094,2019-05-28,600198.SH,3088535.0,12877389.2
1095,2019-05-29,600198.SH,77335371.0,10964029.2
1096,2019-05-30,600198.SH,43105074.0,23813983.4
1097,2019-05-31,600198.SH,35629608.0,29416238.2
1098,2019-05-07,600206.SH,3567561.0,6614500.0
1099,2019-05-08,600206.SH,3037351.0,5091030.5
1100,2019-05-09,600206.SH,4379391.0,4406470.666666667
1101,2019-05-10,600206.SH,4326788.0,4399700.75
1102,2019-05-13,600206.SH,4450371.0,4385118.2
1103,2019-05-14,600206.SH,7218167.0,3952292.4
1104,2019-05-15,600206.SH,4018433.0,4682413.6
1105,2019-05-16,600206.SH,15861108.0,4878630.0
1106,2019-05-17,600206.SH,15862277.0,7174973.4
1107,2019-05-20,600206.SH,13014634.0,9482071.2
1108,2019-05-21,600206.SH,16784550.0,11194923.8
1109,2019-05-22,600206.SH,16731493.0,13108200.4
1110,2019-05-23,600206.SH,13112603.0,15650812.4
1111,2019-05-24,600206.SH,28680999.0,15101111.4
1112,2019-05-27,600206.SH,24185553.0,17664855.8
1113,2019-05-28,600206.SH,65277683.0,19899039.6
1114,2019-05-29,600206.SH,39626638.0,29597666.2
1115,2019-05-30,600206.SH,120588533.0,34176695.2
1116,2019-05-31,600206.SH,48960632.0,55671881.2
1117,2019-05-07,600218.SH,21089689.0,23574702.0
1118,2019-05-08,600218.SH,20762822.0,22332195.5
1119,2019-05-09,600218.SH,12689607.0,21809071.0
1120,2019-05-10,600218.SH,22131842.0,19529205.0
1121,2019-05-13,600218.SH,19297051.0,20049732.4
1122,2019-05-14,600218.SH,10655278.0,19194202.2
1123,2019-05-15,600218.SH,13305585.0,17107320.0
1124,2019-05-16,600218.SH,14797360.0,15615872.6
1125,2019-05-17,600218.SH,19505688.0,16037423.2
1126,2019-05-20,600218.SH,18020298.0,15512192.4
1127,2019-05-21,600218.SH,8115944.0,15256841.8
1128,2019-05-22,600218.SH,11531821.0,14748975.0
1129,2019-05-23,600218.SH,10231788.0,14394222.2
1130,2019-05-24,600218.SH,7335538.0,13481107.8
1131,2019-05-27,600218.SH,9474941.0,11047077.8
1132,2019-05-28,600218.SH,10164182.0,9338006.4
1133,2019-05-29,600218.SH,5222391.0,9747654.0
1134,2019-05-30,600218.SH,7668512.0,8485768.0
1135,2019-05-31,600218.SH,4569221.0,7973112.8
1136,2019-05-07,600259.SH,1811889.0,2053424.0
1137,2019-05-08,600259.SH,1348800.0,1932656.5
1138,2019-05-09,600259.SH,1128500.0,1738037.6666666667
1139,2019-05-10,600259.SH,5152599.0,1585653.25
1140,2019-05-13,600259.SH,2490513.0,2299042.4
1141,2019-05-14,600259.SH,8422236.0,2386460.2
1142,2019-05-15,600259.SH,3835423.0,3708529.6
1143,2019-05-16,600259.SH,15235120.0,4205854.2
1144,2019-05-17,600259.SH,15032189.0,7027178.2
1145,2019-05-20,600259.SH,7031576.0,9003096.2
1146,2019-05-21,600259.SH,8929241.0,9911308.8
1147,2019-05-22,600259.SH,13016458.0,10012709.8
1148,2019-05-23,600259.SH,8442820.0,11848916.8
1149,2019-05-24,600259.SH,4854361.0,10490456.8
1150,2019-05-27,600259.SH,4613458.0,8454891.2
1151,2019-05-28,600259.SH,5704142.0,7971267.6
1152,2019-05-29,600259.SH,10199852.0,7326247.8
1153,2019-05-30,600259.SH,5711969.0,6762926.6
1154,2019-05-31,600259.SH,6218363.0,6216756.4
1155,2019-05-07,600276.SH,15833144.0,12570056.0
1156,2019-05-08,600276.SH,6684367.0,14201600.0
1157,2019-05-09,600276.SH,4398490.0,11695855.666666666
1158,2019-05-10,600276.SH,4555247.0,9871514.25
1159,2019-05-13,600276.SH,3509452.0,8808260.8
1160,2019-05-14,600276.SH,6680680.0,6996140.0
1161,2019-05-15,600276.SH,4792990.0,5165647.2
1162,2019-05-16,600276.SH,8761498.0,4787371.8
1163,2019-05-17,600276.SH,5185882.0,5659973.4
1164,2019-05-20,600276.SH,7645583.0,5786100.4
1165,2019-05-21,600276.SH,4806511.0,6613326.6
1166,2019-05-22,600276.SH,2831763.0,6238492.8
1167,2019-05-23,600276.SH,4010083.0,5846247.4
1168,2019-05-24,600276.SH,3570511.0,4895964.4
1169,2019-05-27,600276.SH,2589099.0,4572890.2
1170,2019-05-28,600276.SH,4378464.0,3561593.4
1171,2019-05-29,600276.SH,2403276.0,3475984.0
1172,2019-05-30,600276.SH,2877914.0,3390286.6
1173,2019-05-31,600276.SH,7050331.0,3163852.8
1174,2019-05-07,600309.SH,8907141.0,15572948.0
1175,2019-05-08,600309.SH,5234310.0,12240044.5
1176,2019-05-09,600309.SH,9745785.0,9904799.666666666
1177,2019-05-10,600309.SH,9965380.0,9865046.0
1178,2019-05-13,600309.SH,6757419.0,9885112.8
1179,2019-05-14,600309.SH,9356599.0,8122007.0
1180,2019-05-15,600309.SH,5988292.0,8211898.6
1181,2019-05-16,600309.SH,5583087.0,8362695.0
1182,2019-05-17,600309.SH,5750042.0,7530155.4
1183,2019-05-20,600309.SH,9817410.0,6687087.8
1184,2019-05-21,600309.SH,9031535.0,7299086.0
1185,2019-05-22,600309.SH,5002210.0,7234073.2
1186,2019-05-23,600309.SH,3990791.0,7036856.8
1187,2019-05-24,600309.SH,3977584.0,6718397.6
1188,2019-05-27,600309.SH,8567376.0,6363906.0
1189,2019-05-28,600309.SH,3981085.0,6113899.2
1190,2019-05-29,600309.SH,3490677.0,5103809.2
1191,2019-05-30,600309.SH,13641702.0,4801502.6
1192,2019-05-31,600309.SH,3158856.0,6731684.8
1193,2019-05-07,600352.SH,37505567.0,63048097.0
1194,2019-05-08,600352.SH,35552830.0,50276832.0
1195,2019-05-09,600352.SH,49824959.0,45368831.333333336
1196,2019-05-10,600352.SH,51010507.0,46482863.25
1197,2019-05-13,600352.SH,42053883.0,47388392.0
1198,2019-05-14,600352.SH,54468443.0,43189549.2
1199,2019-05-15,600352.SH,27701526.0,46582124.4
1200,2019-05-16,600352.SH,62704692.0,45011863.6
1201,2019-05-17,600352.SH,50915991.0,47587810.2
1202,2019-05-20,600352.SH,70195643.0,47568907.0
1203,2019-05-21,600352.SH,25936169.0,53197259.0
1204,2019-05-22,600352.SH,24447422.0,47490804.2
1205,2019-05-23,600352.SH,31364999.0,46839983.4
1206,2019-05-24,600352.SH,18956892.0,40572044.8
1207,2019-05-27,600352.SH,20700286.0,34180225.0
1208,2019-05-28,600352.SH,22764007.0,24281153.6
1209,2019-05-29,600352.SH,16110525.0,23646721.2
1210,2019-05-30,600352.SH,33742585.0,21979341.8
1211,2019-05-31,600352.SH,20177390.0,22454859.0
1212,2019-05-07,600366.SH,2435755.0,8303345.0
1213,2019-05-08,600366.SH,1827020.0,5369550.0
1214,2019-05-09,600366.SH,2289000.0,4188706.6666666665
1215,2019-05-10,600366.SH,2766638.0,3713780.0
1216,2019-05-13,600366.SH,3322068.0,3524351.6
1217,2019-05-14,600366.SH,4910170.0,2528096.2
1218,2019-05-15,600366.SH,2860184.0,3022979.2
1219,2019-05-16,600366.SH,12690176.0,3229612.0
1220,2019-05-17,600366.SH,66251527.0,5309847.2
1221,2019-05-20,600366.SH,48665264.0,18006825.0
1222,2019-05-21,600366.SH,115083284.0,27075464.2
1223,2019-05-22,600366.SH,107936623.0,49110087.0
1224,2019-05-23,600366.SH,56611292.0,70125374.8
1225,2019-05-24,600366.SH,39465442.0,78909598.0
1226,2019-05-27,600366.SH,42757884.0,73552381.0
1227,2019-05-28,600366.SH,44493279.0,72370905.0
1228,2019-05-29,600366.SH,66615419.0,58252904.0
1229,2019-05-30,600366.SH,42950482.0,49988663.2
1230,2019-05-31,600366.SH,27631880.0,47256501.2
1231,2019-05-07,600392.SH,5009571.0,8585858.0
1232,2019-05-08,600392.SH,3472510.0,6797714.5
1233,2019-05-09,600392.SH,2372118.0,5689313.0
1234,2019-05-10,600392.SH,12220955.0,4860014.25
1235,2019-05-13,600392.SH,6532997.0,6332202.4
1236,2019-05-14,600392.SH,17483479.0,5921630.2
1237,2019-05-15,600392.SH,5888770.0,8416411.8
1238,2019-05-16,600392.SH,43130360.0,8899663.8
1239,2019-05-17,600392.SH,46694204.0,17051312.2
1240,2019-05-20,600392.SH,20721692.0,23945962.0
1241,2019-05-21,600392.SH,37007022.0,26783701.0
1242,2019-05-22,600392.SH,58286647.0,30688409.6
1243,2019-05-23,600392.SH,33322502.0,41167985.0
1244,2019-05-24,600392.SH,27581529.0,39206413.4
1245,2019-05-27,600392.SH,19829051.0,35383878.4
1246,2019-05-28,600392.SH,17546498.0,35205350.2
1247,2019-05-29,600392.SH,53861956.0,31313245.4
1248,2019-05-30,600392.SH,30620868.0,30428307.2
1249,2019-05-31,600392.SH,28652458.0,29887980.4
1250,2019-05-07,600410.SH,43247757.0,50718513.0
1251,2019-05-08,600410.SH,79507085.0,46983135.0
1252,2019-05-09,600410.SH,50836355.0,57824451.666666664
1253,2019-05-10,600410.SH,72199179.0,56077427.5
1254,2019-05-13,600410.SH,89786145.0,59301777.8
1255,2019-05-14,600410.SH,130609568.0,67115304.2
1256,2019-05-15,600410.SH,99234789.0,84587666.4
1257,2019-05-16,600410.SH,106320968.0,88533207.2
1258,2019-05-17,600410.SH,66734237.0,99630129.8
1259,2019-05-20,600410.SH,81223787.0,98537141.4
1260,2019-05-21,600410.SH,55085373.0,96824669.8
1261,2019-05-22,600410.SH,88181447.0,81719830.8
1262,2019-05-23,600410.SH,63645314.0,79509162.4
1263,2019-05-24,600410.SH,37215743.0,70974031.6
1264,2019-05-27,600410.SH,31653809.0,65070332.8
1265,2019-05-28,600410.SH,56130258.0,55156337.2
1266,2019-05-29,600410.SH,36569741.0,55365314.2
1267,2019-05-30,600410.SH,46676724.0,45042973.0
1268,2019-05-31,600410.SH,21838347.0,41649255.0
1269,2019-05-07,600446.SH,18972468.0,15588126.0
1270,2019-05-08,600446.SH,9019636.0,17280297.0
1271,2019-05-09,600446.SH,8381496.0,14526743.333333334
1272,2019-05-10,600446.SH,15712470.0,12990431.5
1273,2019-05-13,600446.SH,11961946.0,13534839.2
1274,2019-05-14,600446.SH,13098280.0,12809603.2
1275,2019-05-15,600446.SH,7764762.0,11634765.6
1276,2019-05-16,600446.SH,16059935.0,11383790.8
1277,2019-05-17,600446.SH,7918385.0,12919478.6
1278,2019-05-20,600446.SH,13570305.0,11360661.6
1279,2019-05-21,600446.SH,8748735.0,11682333.4
1280,2019-05-22,600446.SH,6051567.0,10812424.4
1281,2019-05-23,600446.SH,6720659.0,10469785.4
1282,2019-05-24,600446.SH,5876474.0,8601930.2
1283,2019-05-27,600446.SH,5427821.0,8193548.0
1284,2019-05-28,600446.SH,9731661.0,6565051.2
1285,2019-05-29,600446.SH,4926855.0,6761636.4
1286,2019-05-30,600446.SH,9632517.0,6536694.0
1287,2019-05-31,600446.SH,3915374.0,7119065.6
1288,2019-05-07,600460.SH,12205200.0,14981700.0
1289,2019-05-08,600460.SH,12110970.0,13593450.0
1290,2019-05-09,600460.SH,34154111.0,13099290.0
1291,2019-05-10,600460.SH,19152391.0,18362995.25
1292,2019-05-13,600460.SH,64570910.0,18520874.4
1293,2019-05-14,600460.SH,35778787.0,28438716.4
1294,2019-05-15,600460.SH,24776119.0,33153433.8
1295,2019-05-16,600460.SH,22088977.0,35686463.6
1296,2019-05-17,600460.SH,65858169.0,33273436.8
1297,2019-05-20,600460.SH,83689086.0,42614592.4
1298,2019-05-21,600460.SH,47771449.0,46438227.6
1299,2019-05-22,600460.SH,28361064.0,48836760.0
1300,2019-05-23,600460.SH,49789165.0,49553749.0
1301,2019-05-24,600460.SH,34603152.0,55093786.6
1302,2019-05-27,600460.SH,41576352.0,48842783.2
1303,2019-05-28,600460.SH,70109214.0,40420236.4
1304,2019-05-29,600460.SH,29283058.0,44887789.4
1305,2019-05-30,600460.SH,32382136.0,45072188.2
1306,2019-05-31,600460.SH,23944011.0,41590782.4
1307,2019-05-07,600487.SH,10966528.0,15981928.0
1308,2019-05-08,600487.SH,7770654.0,13474228.0
1309,2019-05-09,600487.SH,8191191.0,11573036.666666666
1310,2019-05-10,600487.SH,8892206.0,10727575.25
1311,2019-05-13,600487.SH,14410200.0,10360501.4
1312,2019-05-14,600487.SH,60366081.0,10046155.8
1313,2019-05-15,600487.SH,46990761.0,19926066.4
1314,2019-05-16,600487.SH,27580419.0,27770087.8
1315,2019-05-17,600487.SH,28697537.0,31647933.4
1316,2019-05-20,600487.SH,26495937.0,35608999.6
1317,2019-05-21,600487.SH,12432598.0,38026147.0
1318,2019-05-22,600487.SH,11760614.0,28439450.4
1319,2019-05-23,600487.SH,8862990.0,21393421.0
1320,2019-05-24,600487.SH,7119056.0,17649935.2
1321,2019-05-27,600487.SH,4247380.0,13334239.0
1322,2019-05-28,600487.SH,7544392.0,8884527.6
1323,2019-05-29,600487.SH,8334647.0,7906886.4
1324,2019-05-30,600487.SH,7236842.0,7221693.0
1325,2019-05-31,600487.SH,14410993.0,6896463.4
1326,2019-05-07,600516.SH,45216858.0,14255600.0
1327,2019-05-08,600516.SH,17948252.0,29736229.0
1328,2019-05-09,600516.SH,10766608.0,25806903.333333332
1329,2019-05-10,600516.SH,14628340.0,22046829.5
1330,2019-05-13,600516.SH,11019048.0,20563131.6
1331,2019-05-14,600516.SH,12265455.0,19915821.2
1332,2019-05-15,600516.SH,8185000.0,13325540.6
1333,2019-05-16,600516.SH,28655060.0,11372890.2
1334,2019-05-17,600516.SH,13512010.0,14950580.6
1335,2019-05-20,600516.SH,16410943.0,14727314.6
1336,2019-05-21,600516.SH,16960174.0,15805693.6
1337,2019-05-22,600516.SH,8486885.0,16744637.4
1338,2019-05-23,600516.SH,7476450.0,16805014.4
1339,2019-05-24,600516.SH,6641246.0,12569292.4
1340,2019-05-27,600516.SH,5384719.0,11195139.6
1341,2019-05-28,600516.SH,7051557.0,8989894.8
1342,2019-05-29,600516.SH,16876729.0,7008171.4
1343,2019-05-30,600516.SH,10911631.0,8686140.2
1344,2019-05-31,600516.SH,6418536.0,9373176.4
1345,2019-05-07,600518.SH,1183800.0,1295800.0
1346,2019-05-08,600518.SH,1551700.0,1239800.0
1347,2019-05-09,600518.SH,5335000.0,1343766.6666666667
1348,2019-05-10,600518.SH,264685674.0,2341575.0
1349,2019-05-13,600518.SH,164322901.0,54810394.8
1350,2019-05-14,600518.SH,100242606.0,87415815.0
1351,2019-05-15,600518.SH,53196247.0,107227576.2
1352,2019-05-16,600518.SH,45814606.0,117556485.6
1353,2019-05-17,600518.SH,135315467.0,125652406.8
1354,2019-05-21,600518.SH,145100.0,99778365.4
1355,2019-05-22,600518.SH,300100.0,66942805.2
1356,2019-05-23,600518.SH,92400.0,46954304.0
1357,2019-05-24,600518.SH,255200.0,36333534.6
1358,2019-05-27,600518.SH,520100.0,27221653.4
1359,2019-05-28,600518.SH,1184300.0,262580.0
1360,2019-05-29,600518.SH,1299400.0,470420.0
1361,2019-05-30,600518.SH,878600.0,670280.0
1362,2019-05-31,600518.SH,1015200.0,827520.0
1363,2019-05-07,600519.SH,3127797.0,4800154.0
1364,2019-05-08,600519.SH,3654334.0,3963975.5
1365,2019-05-09,600519.SH,2295498.0,3860761.6666666665
1366,2019-05-10,600519.SH,2568092.0,3469445.75
1367,2019-05-13,600519.SH,1969336.0,3289175.0
1368,2019-05-14,600519.SH,1846442.0,2723011.4
1369,2019-05-15,600519.SH,1403049.0,2466740.4
1370,2019-05-16,600519.SH,1263616.0,2016483.4
1371,2019-05-17,600519.SH,1123774.0,1810107.0
1372,2019-05-20,600519.SH,1304166.0,1521243.4
1373,2019-05-21,600519.SH,959149.0,1388209.4
1374,2019-05-22,600519.SH,880526.0,1210750.8
1375,2019-05-23,600519.SH,2024109.0,1106246.2
1376,2019-05-24,600519.SH,1730056.0,1258344.8
1377,2019-05-27,600519.SH,777953.0,1379601.2
1378,2019-05-28,600519.SH,690142.0,1274358.6
1379,2019-05-29,600519.SH,2067165.0,1220557.2
1380,2019-05-30,600519.SH,1152378.0,1457885.0
1381,2019-05-31,600519.SH,1056121.0,1283538.8
1382,2019-05-07,600536.SH,10197261.0,9040571.0
1383,2019-05-08,600536.SH,4792093.0,9618916.0
1384,2019-05-09,600536.SH,11615096.0,8009975.0
1385,2019-05-10,600536.SH,8569602.0,8911255.25
1386,2019-05-13,600536.SH,15147881.0,8842924.6
1387,2019-05-14,600536.SH,7878120.0,10064386.6
1388,2019-05-15,600536.SH,5341311.0,9600558.4
1389,2019-05-16,600536.SH,8062879.0,9710402.0
1390,2019-05-17,600536.SH,15060552.0,8999958.6
1391,2019-05-20,600536.SH,17936492.0,10298148.6
1392,2019-05-21,600536.SH,9024285.0,10855870.8
1393,2019-05-22,600536.SH,12999083.0,11085103.8
1394,2019-05-23,600536.SH,29262219.0,12616658.2
1395,2019-05-24,600536.SH,15861843.0,16856526.2
1396,2019-05-27,600536.SH,9156656.0,17016784.4
1397,2019-05-28,600536.SH,16409702.0,15260817.2
1398,2019-05-29,600536.SH,7126091.0,16737900.6
1399,2019-05-30,600536.SH,10958928.0,15563302.2
1400,2019-05-31,600536.SH,6793299.0,11902644.0
1401,2019-05-07,600547.SH,5620327.0,17073886.0
1402,2019-05-08,600547.SH,5934130.0,11347106.5
1403,2019-05-09,600547.SH,10218461.0,9542781.0
1404,2019-05-10,600547.SH,7371139.0,9711701.0
1405,2019-05-13,600547.SH,6939955.0,9243588.6
1406,2019-05-14,600547.SH,22145450.0,7216802.4
1407,2019-05-15,600547.SH,8101744.0,10521827.0
1408,2019-05-16,600547.SH,6645910.0,10955349.8
1409,2019-05-17,600547.SH,7486598.0,10240839.6
1410,2019-05-20,600547.SH,8581656.0,10263931.4
1411,2019-05-21,600547.SH,3119793.0,10592271.6
1412,2019-05-22,600547.SH,2875259.0,6787140.2
1413,2019-05-23,600547.SH,3927896.0,5741843.2
1414,2019-05-24,600547.SH,5105497.0,5198240.4
1415,2019-05-27,600547.SH,1766208.0,4722020.2
1416,2019-05-28,600547.SH,2067130.0,3358930.6
1417,2019-05-29,600547.SH,2213148.0,3148398.0
1418,2019-05-30,600547.SH,4095054.0,3015975.8
1419,2019-05-31,600547.SH,7707332.0,3049407.4
1420,2019-05-07,600570.SH,4287401.0,5625490.0
1421,2019-05-08,600570.SH,3135203.0,4956445.5
1422,2019-05-09,600570.SH,4038374.0,4349364.666666667
1423,2019-05-10,600570.SH,6650301.0,4271617.0
1424,2019-05-13,600570.SH,4843593.0,4747353.8
1425,2019-05-14,600570.SH,3673866.0,4590974.4
1426,2019-05-15,600570.SH,3687141.0,4468267.4
1427,2019-05-16,600570.SH,5750317.0,4578655.0
1428,2019-05-17,600570.SH,4902461.0,4921043.6
1429,2019-05-20,600570.SH,4980188.0,4571475.6
1430,2019-05-21,600570.SH,4491234.0,4598794.6
1431,2019-05-22,600570.SH,3116533.0,4762268.2
1432,2019-05-23,600570.SH,5566428.0,4648146.6
1433,2019-05-24,600570.SH,2856551.0,4611368.8
1434,2019-05-27,600570.SH,2287408.0,4202186.8
1435,2019-05-28,600570.SH,2870901.0,3663630.8
1436,2019-05-29,600570.SH,2547792.0,3339564.2
1437,2019-05-30,600570.SH,3318984.0,3225816.0
1438,2019-05-31,600570.SH,3072794.0,2776327.2
1439,2019-05-07,600584.SH,6679100.0,13887875.0
1440,2019-05-08,600584.SH,5153725.0,10283487.5
1441,2019-05-09,600584.SH,17715076.0,8573566.666666666
1442,2019-05-10,600584.SH,6625675.0,10858944.0
1443,2019-05-13,600584.SH,10970661.0,10012290.2
1444,2019-05-14,600584.SH,8224419.0,9428847.4
1445,2019-05-15,600584.SH,6955330.0,9737911.2
1446,2019-05-16,600584.SH,5054122.0,10098232.2
1447,2019-05-17,600584.SH,19608147.0,7566041.4
1448,2019-05-20,600584.SH,20778139.0,10162535.8
1449,2019-05-21,600584.SH,51753021.0,12124031.4
1450,2019-05-22,600584.SH,19899432.0,20829751.8
1451,2019-05-23,600584.SH,17880329.0,23418572.2
1452,2019-05-24,600584.SH,33305320.0,25983813.6
1453,2019-05-27,600584.SH,39046577.0,28723248.2
1454,2019-05-28,600584.SH,90925028.0,32376935.8
1455,2019-05-29,600584.SH,64330628.0,40211337.2
1456,2019-05-30,600584.SH,40791003.0,49097576.4
1457,2019-05-31,600584.SH,25975342.0,53679711.2
1458,2019-05-07,600585.SH,9413116.0,11820974.0
1459,2019-05-08,600585.SH,5179747.0,10617045.0
1460,2019-05-09,600585.SH,4729056.0,8804612.333333334
1461,2019-05-10,600585.SH,6496639.0,7785723.25
1462,2019-05-13,600585.SH,4378191.0,7527906.4
1463,2019-05-14,600585.SH,6844437.0,6039349.8
1464,2019-05-15,600585.SH,8107117.0,5525614.0
1465,2019-05-16,600585.SH,4392390.0,6111088.0
1466,2019-05-17,600585.SH,8058717.0,6043754.8
1467,2019-05-20,600585.SH,6522457.0,6356170.4
1468,2019-05-21,600585.SH,6673447.0,6785023.6
1469,2019-05-22,600585.SH,3752149.0,6750825.6
1470,2019-05-23,600585.SH,4964971.0,5879832.0
1471,2019-05-24,600585.SH,4267312.0,5994348.2
1472,2019-05-27,600585.SH,3921578.0,5236067.2
1473,2019-05-28,600585.SH,4523879.0,4715891.4
1474,2019-05-29,600585.SH,2740811.0,4285977.8
1475,2019-05-30,600585.SH,4333417.0,4083710.2
1476,2019-05-31,600585.SH,2832204.0,3957399.4
1477,2019-05-07,600598.SH,15278992.0,28888730.0
1478,2019-05-08,600598.SH,45279038.0,22083861.0
1479,2019-05-09,600598.SH,28591868.0,29815586.666666668
1480,2019-05-10,600598.SH,16957035.0,29509657.0
1481,2019-05-13,600598.SH,19822637.0,26999132.6
1482,2019-05-14,600598.SH,22704526.0,25185914.0
1483,2019-05-15,600598.SH,15182750.0,26671020.8
1484,2019-05-16,600598.SH,44960707.0,20651763.2
1485,2019-05-17,600598.SH,20273265.0,23925531.0
1486,2019-05-20,600598.SH,48243925.0,24588777.0
1487,2019-05-21,600598.SH,15973734.0,30273034.6
1488,2019-05-22,600598.SH,16270943.0,28926876.2
1489,2019-05-23,600598.SH,19104062.0,29144514.8
1490,2019-05-24,600598.SH,8129394.0,23973185.8
1491,2019-05-27,600598.SH,7045600.0,21544411.6
1492,2019-05-28,600598.SH,12445328.0,13304746.6
1493,2019-05-29,600598.SH,14320482.0,12599065.4
1494,2019-05-30,600598.SH,43983078.0,12208973.2
1495,2019-05-31,600598.SH,25970835.0,17184776.4
1496,2019-05-07,600604.SH,13702582.0,22808262.0
1497,2019-05-08,600604.SH,11018986.0,18255422.0
1498,2019-05-09,600604.SH,10017706.0,15843276.666666666
1499,2019-05-10,600604.SH,18322879.0,14386884.0
1500,2019-05-13,600604.SH,16595929.0,15174083.0
1501,2019-05-14,600604.SH,24445621.0,13931616.4
1502,2019-05-15,600604.SH,22630101.0,16080224.2
1503,2019-05-16,600604.SH,15506036.0,18402447.2
1504,2019-05-17,600604.SH,11134624.0,19500113.2
1505,2019-05-20,600604.SH,18757328.0,18062462.2
1506,2019-05-21,600604.SH,15576862.0,18494742.0
1507,2019-05-22,600604.SH,19267594.0,16720990.2
1508,2019-05-23,600604.SH,12422127.0,16048488.8
1509,2019-05-24,600604.SH,60501959.0,15431707.0
1510,2019-05-27,600604.SH,20682409.0,25305174.0
1511,2019-05-28,600604.SH,60747847.0,25690190.2
1512,2019-05-29,600604.SH,32070421.0,34724387.2
1513,2019-05-30,600604.SH,19562191.0,37284952.6
1514,2019-05-31,600604.SH,9999620.0,38712965.4
1515,2019-05-07,600624.SH,8533880.0,13010968.0
1516,2019-05-08,600624.SH,8414446.0,10772424.0
1517,2019-05-09,600624.SH,9329888.0,9986431.333333334
1518,2019-05-10,600624.SH,9123866.0,9822295.5
1519,2019-05-13,600624.SH,8492691.0,9682609.6
1520,2019-05-14,600624.SH,30154353.0,8778954.2
1521,2019-05-15,600624.SH,57291012.0,13103048.8
1522,2019-05-16,600624.SH,26915695.0,22878362.0
1523,2019-05-17,600624.SH,28789252.0,26395523.4
1524,2019-05-20,600624.SH,31695731.0,30328600.6
1525,2019-05-21,600624.SH,37227804.0,34969208.6
1526,2019-05-22,600624.SH,69416607.0,36383898.8
1527,2019-05-23,600624.SH,31095989.0,38809017.8
1528,2019-05-24,600624.SH,34013015.0,39645076.6
1529,2019-05-27,600624.SH,17065847.0,40689829.2
1530,2019-05-28,600624.SH,45512221.0,37763852.4
1531,2019-05-29,600624.SH,31537674.0,39420735.8
1532,2019-05-30,600624.SH,21339146.0,31844949.2
1533,2019-05-31,600624.SH,14199575.0,29893580.6
1534,2019-05-07,600703.SH,12650845.0,22811283.0
1535,2019-05-08,600703.SH,11979023.0,17731064.0
1536,2019-05-09,600703.SH,11148304.0,15813717.0
1537,2019-05-10,600703.SH,12983973.0,14647363.75
1538,2019-05-13,600703.SH,11622666.0,14314685.6
1539,2019-05-14,600703.SH,10507045.0,12076962.2
1540,2019-05-15,600703.SH,58531823.0,11648202.2
1541,2019-05-16,600703.SH,54761289.0,20958762.2
1542,2019-05-17,600703.SH,30223194.0,29681359.2
1543,2019-05-20,600703.SH,62273174.0,33129203.4
1544,2019-05-21,600703.SH,88500062.0,43259305.0
1545,2019-05-22,600703.SH,78368546.0,58857908.4
1546,2019-05-23,600703.SH,41804132.0,62825253.0
1547,2019-05-24,600703.SH,21806989.0,60233821.6
1548,2019-05-27,600703.SH,41163062.0,58550580.6
1549,2019-05-28,600703.SH,93116063.0,54328558.2
1550,2019-05-29,600703.SH,58226188.0,55251758.4
1551,2019-05-30,600703.SH,36584426.0,51223286.8
1552,2019-05-31,600703.SH,17760994.0,50179345.6
1553,2019-05-07,600758.SH,58719489.0,74877635.0
1554,2019-05-08,600758.SH,83048335.0,66798562.0
1555,2019-05-09,600758.SH,52279942.0,72215153.0
1556,2019-05-10,600758.SH,41544933.0,67231350.25
1557,2019-05-13,600758.SH,33858300.0,62094066.8
1558,2019-05-14,600758.SH,26953625.0,53890199.8
1559,2019-05-15,600758.SH,41883800.0,47537027.0
1560,2019-05-16,600758.SH,70075017.0,39304120.0
1561,2019-05-17,600758.SH,51440700.0,42863135.0
1562,2019-05-20,600758.SH,35970395.0,44842288.4
1563,2019-05-21,600758.SH,15138200.0,45264707.4
1564,2019-05-22,600758.SH,23394200.0,42901622.4
1565,2019-05-23,600758.SH,14931600.0,39203702.4
1566,2019-05-24,600758.SH,12240560.0,28175019.0
1567,2019-05-27,600758.SH,15941401.0,20334991.0
1568,2019-05-28,600758.SH,9955501.0,16329192.2
1569,2019-05-29,600758.SH,11641992.0,15292652.4
1570,2019-05-30,600758.SH,17286401.0,12942210.8
1571,2019-05-31,600758.SH,11365750.0,13413171.0
1572,2019-05-07,600775.SH,11293915.0,15884388.0
1573,2019-05-08,600775.SH,11509638.0,13589151.5
1574,2019-05-09,600775.SH,19019378.0,12895980.333333334
1575,2019-05-10,600775.SH,12893990.0,14426829.75
1576,2019-05-13,600775.SH,24579211.0,14120261.8
1577,2019-05-14,600775.SH,14280997.0,15859226.4
1578,2019-05-15,600775.SH,19436810.0,16456642.8
1579,2019-05-16,600775.SH,15528259.0,18042077.2
1580,2019-05-17,600775.SH,18924947.0,17343853.4
1581,2019-05-20,600775.SH,12190395.0,18550044.8
1582,2019-05-21,600775.SH,24410558.0,16072281.6
1583,2019-05-22,600775.SH,24031494.0,18098193.8
1584,2019-05-23,600775.SH,21088953.0,19017130.6
1585,2019-05-24,600775.SH,8675474.0,20129269.4
1586,2019-05-27,600775.SH,8577155.0,18079374.8
1587,2019-05-28,600775.SH,8256586.0,17356726.8
1588,2019-05-29,600775.SH,7308572.0,14125932.4
1589,2019-05-30,600775.SH,13206580.0,10781348.0
1590,2019-05-31,600775.SH,8442224.0,9204873.4
1591,2019-05-07,600776.SH,7591093.0,11532460.0
1592,2019-05-08,600776.SH,6058232.0,9561776.5
1593,2019-05-09,600776.SH,6623167.0,8393928.333333334
1594,2019-05-10,600776.SH,11172779.0,7951238.0
1595,2019-05-13,600776.SH,9442799.0,8595546.2
1596,2019-05-14,600776.SH,6625880.0,8177614.0
1597,2019-05-15,600776.SH,9939479.0,7984571.4
1598,2019-05-16,600776.SH,8657573.0,8760820.8
1599,2019-05-17,600776.SH,9013637.0,9167702.0
1600,2019-05-20,600776.SH,11208242.0,8735873.6
1601,2019-05-21,600776.SH,57176109.0,9088962.2
1602,2019-05-22,600776.SH,55783064.0,19199008.0
1603,2019-05-23,600776.SH,64920017.0,28367725.0
1604,2019-05-24,600776.SH,31628788.0,39620213.8
1605,2019-05-27,600776.SH,19941334.0,44143244.0
1606,2019-05-28,600776.SH,14679722.0,45889862.4
1607,2019-05-29,600776.SH,11669845.0,37390585.0
1608,2019-05-30,600776.SH,15707035.0,28567941.2
1609,2019-05-31,600776.SH,10565618.0,18725344.8
1610,2019-05-07,600794.SH,40948989.0,57136938.0
1611,2019-05-08,600794.SH,24489905.0,49042963.5
1612,2019-05-09,600794.SH,21097372.0,40858610.666666664
1613,2019-05-10,600794.SH,23030787.0,35918301.0
1614,2019-05-13,600794.SH,47779305.0,33340798.2
1615,2019-05-14,600794.SH,105085782.0,31469271.6
1616,2019-05-15,600794.SH,84839516.0,44296630.2
1617,2019-05-16,600794.SH,86627081.0,56366552.4
1618,2019-05-17,600794.SH,64177310.0,69472494.2
1619,2019-05-20,600794.SH,57155336.0,77701798.8
1620,2019-05-21,600794.SH,35578560.0,79577005.0
1621,2019-05-22,600794.SH,26757977.0,65675560.6
1622,2019-05-23,600794.SH,41681177.0,54059252.8
1623,2019-05-24,600794.SH,48588630.0,45070072.0
1624,2019-05-27,600794.SH,21325117.0,41952336.0
1625,2019-05-28,600794.SH,25541640.0,34786292.2
1626,2019-05-29,600794.SH,28568505.0,32778908.2
1627,2019-05-30,600794.SH,23829100.0,33141013.8
1628,2019-05-31,600794.SH,16064700.0,29570598.4
1629,2019-05-07,600837.SH,26989193.0,52809334.0
1630,2019-05-08,600837.SH,25486940.0,39899263.5
1631,2019-05-09,600837.SH,26656739.0,35095155.666666664
1632,2019-05-10,600837.SH,46405894.0,32985551.5
1633,2019-05-13,600837.SH,25663527.0,35669620.0
1634,2019-05-14,600837.SH,25241019.0,30240458.6
1635,2019-05-15,600837.SH,14187815.0,29890823.8
1636,2019-05-16,600837.SH,14792584.0,27630998.8
1637,2019-05-17,600837.SH,13533040.0,25258167.8
1638,2019-05-20,600837.SH,15844187.0,18683597.0
1639,2019-05-21,600837.SH,10006555.0,16719729.0
1640,2019-05-22,600837.SH,11144045.0,13672836.2
1641,2019-05-23,600837.SH,13151195.0,13064082.2
1642,2019-05-24,600837.SH,12155459.0,12735804.4
1643,2019-05-27,600837.SH,7915793.0,12460288.2
1644,2019-05-28,600837.SH,11584835.0,10874609.4
1645,2019-05-29,600837.SH,9882654.0,11190265.4
1646,2019-05-30,600837.SH,10775736.0,10937987.2
1647,2019-05-31,600837.SH,8398128.0,10462895.4
1648,2019-05-07,600887.SH,17273898.0,32140170.0
1649,2019-05-08,600887.SH,18910797.0,24707034.0
1650,2019-05-09,600887.SH,16084082.0,22774955.0
1651,2019-05-10,600887.SH,22609149.0,21102236.75
1652,2019-05-13,600887.SH,17623654.0,21403619.2
1653,2019-05-14,600887.SH,20576436.0,18500316.0
1654,2019-05-15,600887.SH,20704734.0,19160823.6
1655,2019-05-16,600887.SH,12195671.0,19519611.0
1656,2019-05-17,600887.SH,7915701.0,18741928.8
1657,2019-05-20,600887.SH,19424161.0,15803239.2
1658,2019-05-21,600887.SH,7942638.0,16163340.6
1659,2019-05-22,600887.SH,8599920.0,13636581.0
1660,2019-05-23,600887.SH,10923202.0,11215618.2
1661,2019-05-24,600887.SH,11285327.0,10961124.4
1662,2019-05-27,600887.SH,7439512.0,11635049.6
1663,2019-05-28,600887.SH,5469430.0,9238119.8
1664,2019-05-29,600887.SH,8737943.0,8743478.2
1665,2019-05-30,600887.SH,9440582.0,8771082.8
1666,2019-05-31,600887.SH,16046866.0,8474558.8
1667,2019-05-17,600989.SH,134604051.0,59423.0
1668,2019-05-20,600989.SH,71138866.0,67331737.0
1669,2019-05-21,600989.SH,52246328.0,68600780.0
1670,2019-05-22,600989.SH,30516276.0,64512167.0
1671,2019-05-23,600989.SH,22259713.0,57712988.8
1672,2019-05-24,600989.SH,17598732.0,62153046.8
1673,2019-05-27,600989.SH,12753009.0,38751983.0
1674,2019-05-28,600989.SH,15084745.0,27074811.6
1675,2019-05-29,600989.SH,24202821.0,19642495.0
1676,2019-05-30,600989.SH,18406115.0,18379804.0
1677,2019-05-31,600989.SH,33001774.0,17609084.4
1678,2019-05-07,601012.SH,10510574.0,12154015.0
1679,2019-05-08,601012.SH,8966024.0,11332294.5
1680,2019-05-09,601012.SH,4899871.0,10543537.666666666
1681,2019-05-10,601012.SH,10704815.0,9132621.0
1682,2019-05-13,601012.SH,8736305.0,9447059.8
1683,2019-05-14,601012.SH,4510965.0,8763517.8
1684,2019-05-15,601012.SH,12479291.0,7563596.0
1685,2019-05-16,601012.SH,17777710.0,8266249.4
1686,2019-05-17,601012.SH,8986677.0,10841817.2
1687,2019-05-20,601012.SH,13928043.0,10498189.6
1688,2019-05-21,601012.SH,6376728.0,11536537.2
1689,2019-05-22,601012.SH,3138407.0,11909689.8
1690,2019-05-23,601012.SH,5667977.0,10041513.0
1691,2019-05-24,601012.SH,3579958.0,7619566.4
1692,2019-05-27,601012.SH,13342039.0,6538222.6
1693,2019-05-28,601012.SH,10069795.0,6421021.8
1694,2019-05-29,601012.SH,3884903.0,7159635.2
1695,2019-05-30,601012.SH,10120554.0,7308934.4
1696,2019-05-31,601012.SH,13098593.0,8199449.8
1697,2019-05-07,601066.SH,14385362.0,21448537.0
1698,2019-05-08,601066.SH,10827368.0,17916949.5
1699,2019-05-09,601066.SH,8167124.0,15553755.666666666
1700,2019-05-10,601066.SH,22184401.0,13707097.75
1701,2019-05-13,601066.SH,9988154.0,15402558.4
1702,2019-05-14,601066.SH,10429619.0,13110481.8
1703,2019-05-15,601066.SH,10087500.0,12319333.2
1704,2019-05-16,601066.SH,10321027.0,12171359.6
1705,2019-05-17,601066.SH,5983720.0,12602140.2
1706,2019-05-20,601066.SH,8931663.0,9362004.0
1707,2019-05-21,601066.SH,9161200.0,9150705.8
1708,2019-05-22,601066.SH,9921249.0,8897022.0
1709,2019-05-23,601066.SH,12491773.0,8863771.8
1710,2019-05-24,601066.SH,11967922.0,9297921.0
1711,2019-05-27,601066.SH,8403378.0,10494761.4
1712,2019-05-28,601066.SH,13436703.0,10389104.4
1713,2019-05-29,601066.SH,9342622.0,11244205.0
1714,2019-05-30,601066.SH,8892004.0,11128479.6
1715,2019-05-31,601066.SH,5687488.0,10408525.8
1716,2019-05-07,601166.SH,16966099.0,45974165.0
1717,2019-05-08,601166.SH,21473489.0,31470132.0
1718,2019-05-09,601166.SH,25162928.0,28137917.666666668
1719,2019-05-10,601166.SH,24950738.0,27394170.25
1720,2019-05-13,601166.SH,15597437.0,26905483.8
1721,2019-05-14,601166.SH,20998658.0,20830138.2
1722,2019-05-15,601166.SH,14855668.0,21636650.0
1723,2019-05-16,601166.SH,14176175.0,20313085.8
1724,2019-05-17,601166.SH,7696800.0,18115735.2
1725,2019-05-20,601166.SH,15799328.0,14664947.6
1726,2019-05-21,601166.SH,7143734.0,14705325.8
1727,2019-05-22,601166.SH,12777000.0,11934341.0
1728,2019-05-23,601166.SH,14595121.0,11518607.4
1729,2019-05-24,601166.SH,12944275.0,11602396.6
1730,2019-05-27,601166.SH,42263865.0,12651891.6
1731,2019-05-28,601166.SH,11630050.0,17944799.0
1732,2019-05-29,601166.SH,24877006.0,18842062.2
1733,2019-05-30,601166.SH,16486087.0,21262063.4
1734,2019-05-31,601166.SH,16080057.0,21640256.6
1735,2019-05-07,601288.SH,74712050.0,207790378.0
1736,2019-05-08,601288.SH,94580515.0,141251214.0
1737,2019-05-09,601288.SH,47933025.0,125694314.33333333
1738,2019-05-10,601288.SH,51527324.0,106253992.0
1739,2019-05-13,601288.SH,50173700.0,95308658.4
1740,2019-05-14,601288.SH,87314902.0,63785322.8
1741,2019-05-15,601288.SH,30500492.0,66305893.2
1742,2019-05-16,601288.SH,70269897.0,53489888.6
1743,2019-05-17,601288.SH,48435282.0,57957263.0
1744,2019-05-20,601288.SH,137020200.0,57338854.6
1745,2019-05-21,601288.SH,45911834.0,74708154.6
1746,2019-05-22,601288.SH,49235900.0,66427541.0
1747,2019-05-23,601288.SH,56577545.0,70174622.6
1748,2019-05-24,601288.SH,70869740.0,67436152.2
1749,2019-05-27,601288.SH,61237205.0,71923043.8
1750,2019-05-28,601288.SH,35744800.0,56766444.8
1751,2019-05-29,601288.SH,39231844.0,54733038.0
1752,2019-05-30,601288.SH,25466297.0,52732226.8
1753,2019-05-31,601288.SH,32110632.0,46509977.2
1754,2019-05-07,601318.SH,22425968.0,59481258.0
1755,2019-05-08,601318.SH,28199794.0,40953613.0
1756,2019-05-09,601318.SH,25439134.0,36702340.0
1757,2019-05-10,601318.SH,32020359.0,33886538.5
1758,2019-05-13,601318.SH,27227740.0,33513302.6
1759,2019-05-14,601318.SH,25986750.0,27062599.0
1760,2019-05-15,601318.SH,23297598.0,27774755.4
1761,2019-05-16,601318.SH,19986280.0,26794316.2
1762,2019-05-17,601318.SH,13739227.0,25703745.4
1763,2019-05-20,601318.SH,26589010.0,22047519.0
1764,2019-05-21,601318.SH,11459823.0,21919773.0
1765,2019-05-22,601318.SH,14752110.0,19014387.6
1766,2019-05-23,601318.SH,19098891.0,17305290.0
1767,2019-05-24,601318.SH,20513102.0,17127812.2
1768,2019-05-27,601318.SH,11470851.0,18482587.2
1769,2019-05-28,601318.SH,17035607.0,15458955.4
1770,2019-05-29,601318.SH,11062714.0,16574112.2
1771,2019-05-30,601318.SH,14325548.0,15836233.0
1772,2019-05-31,601318.SH,13361072.0,14881564.4
1773,2019-05-07,601336.SH,4615040.0,8490811.0
1774,2019-05-08,601336.SH,4206450.0,6552925.5
1775,2019-05-09,601336.SH,3649313.0,5770767.0
1776,2019-05-10,601336.SH,8004257.0,5240403.5
1777,2019-05-13,601336.SH,4953195.0,5793174.2
1778,2019-05-14,601336.SH,3762749.0,5085651.0
1779,2019-05-15,601336.SH,4521205.0,4915192.8
1780,2019-05-16,601336.SH,3194500.0,4978143.8
1781,2019-05-17,601336.SH,2435645.0,4887181.2
1782,2019-05-20,601336.SH,5734548.0,3773458.8
1783,2019-05-21,601336.SH,3729286.0,3929729.4
1784,2019-05-22,601336.SH,2852888.0,3923036.8
1785,2019-05-23,601336.SH,4427962.0,3589373.4
1786,2019-05-24,601336.SH,3701203.0,3836065.8
1787,2019-05-27,601336.SH,3095458.0,4089177.4
1788,2019-05-28,601336.SH,2346761.0,3561359.4
1789,2019-05-29,601336.SH,2615143.0,3284854.4
1790,2019-05-30,601336.SH,7053905.0,3237305.4
1791,2019-05-31,601336.SH,3598005.0,3762494.0
1792,2019-05-07,601398.SH,34949301.0,99690821.0
1793,2019-05-08,601398.SH,39779257.0,67320061.0
1794,2019-05-09,601398.SH,38934728.0,58139793.0
1795,2019-05-10,601398.SH,40565342.0,53338526.75
1796,2019-05-13,601398.SH,36236108.0,50783889.8
1797,2019-05-14,601398.SH,38350367.0,38092947.2
1798,2019-05-15,601398.SH,33947645.0,38773160.4
1799,2019-05-16,601398.SH,34738258.0,37606838.0
1800,2019-05-17,601398.SH,27335200.0,36767544.0
1801,2019-05-20,601398.SH,60658193.0,34121515.6
1802,2019-05-21,601398.SH,26231118.0,39005932.6
1803,2019-05-22,601398.SH,25177566.0,36582082.8
1804,2019-05-23,601398.SH,34129908.0,34828067.0
1805,2019-05-24,601398.SH,42268612.0,34706397.0
1806,2019-05-27,601398.SH,30569603.0,37693079.4
1807,2019-05-28,601398.SH,29861176.0,31675361.4
1808,2019-05-29,601398.SH,19779707.0,32401373.0
1809,2019-05-30,601398.SH,25137330.0,31321801.2
1810,2019-05-31,601398.SH,27154549.0,29523285.6
1811,2019-05-07,601519.SH,114298731.0,1341100.0
1812,2019-05-08,601519.SH,37224826.0,57819915.5
1813,2019-05-09,601519.SH,30876000.0,50954885.666666664
1814,2019-05-10,601519.SH,32472729.0,45935164.25
1815,2019-05-13,601519.SH,23946422.0,43242677.2
1816,2019-05-14,601519.SH,59920717.0,47763741.6
1817,2019-05-15,601519.SH,74970222.0,36888138.8
1818,2019-05-16,601519.SH,35560437.0,44437218.0
1819,2019-05-17,601519.SH,28983178.0,45374105.4
1820,2019-05-20,601519.SH,38645280.0,44676195.2
1821,2019-05-21,601519.SH,14809100.0,47615966.8
1822,2019-05-22,601519.SH,53159905.0,38593643.4
1823,2019-05-23,601519.SH,22811038.0,34231580.0
1824,2019-05-24,601519.SH,18954500.0,31681700.2
1825,2019-05-27,601519.SH,20448679.0,29675964.6
1826,2019-05-28,601519.SH,16099865.0,26036644.4
1827,2019-05-29,601519.SH,10533191.0,26294797.4
1828,2019-05-30,601519.SH,14569154.0,17769454.6
1829,2019-05-31,601519.SH,19007600.0,16121077.8
1830,2019-05-07,601688.SH,16577033.0,29469405.0
1831,2019-05-08,601688.SH,12508331.0,23023219.0
1832,2019-05-09,601688.SH,12512470.0,19518256.333333332
1833,2019-05-10,601688.SH,30166393.0,17766809.75
1834,2019-05-13,601688.SH,11888156.0,20246726.4
1835,2019-05-14,601688.SH,13820295.0,16730476.6
1836,2019-05-15,601688.SH,11137510.0,16179129.0
1837,2019-05-16,601688.SH,6936061.0,15904964.8
1838,2019-05-17,601688.SH,6240166.0,14789683.0
1839,2019-05-20,601688.SH,13761594.0,10004437.6
1840,2019-05-21,601688.SH,8275934.0,10379125.2
1841,2019-05-22,601688.SH,6330300.0,9270253.0
1842,2019-05-23,601688.SH,8985100.0,8308811.0
1843,2019-05-24,601688.SH,14445302.0,8718618.8
1844,2019-05-27,601688.SH,6617369.0,10359646.0
1845,2019-05-28,601688.SH,9155662.0,8930801.0
1846,2019-05-29,601688.SH,5700559.0,9106746.6
1847,2019-05-30,601688.SH,11281216.0,8980798.4
1848,2019-05-31,601688.SH,7962921.0,9440021.6
1849,2019-05-07,603019.SH,6050235.0,8313165.0
1850,2019-05-08,603019.SH,5016440.0,7181700.0
1851,2019-05-09,603019.SH,8719599.0,6459946.666666667
1852,2019-05-10,603019.SH,9911304.0,7024859.75
1853,2019-05-13,603019.SH,13230985.0,7602148.6
1854,2019-05-14,603019.SH,7082316.0,8585712.6
1855,2019-05-15,603019.SH,4745637.0,8792128.8
1856,2019-05-16,603019.SH,6604300.0,8737968.2
1857,2019-05-17,603019.SH,14490835.0,8314908.4
1858,2019-05-20,603019.SH,15291804.0,9230814.6
1859,2019-05-21,603019.SH,8385893.0,9642978.4
1860,2019-05-22,603019.SH,12061794.0,9903693.8
1861,2019-05-23,603019.SH,14746038.0,11366925.2
1862,2019-05-24,603019.SH,7597342.0,12995272.8
1863,2019-05-27,603019.SH,5025815.0,11616574.2
1864,2019-05-28,603019.SH,8540541.0,9563376.4
1865,2019-05-29,603019.SH,5770562.0,9594306.0
1866,2019-05-30,603019.SH,5809780.0,8336059.6
1867,2019-05-31,603019.SH,3694272.0,6548808.0
