time,askprice_0,bidprice_0,cache_len,vwap,cache_size
93000000,260800,260100,1, 0.0,1
93003000,260000,259700,2, 260092.59259259258,2
93006000,259900,259800,3, 259597.2727272727,3
93009000,260000,259700,4, 259767.88990825688,4
93012000,259700,259500,5, 259758.01526717556,5
93015000,259700,259400,6, 259736.0655737705,6
93018000,259400,259100,7, 259693.7321937322,7
93021000,259300,259200,8, 259680.38674033148,8
93024000,259400,259300,9, 259644.69696969696,9
93027000,259400,259300,10, 259629.83293556084,10
93030000,259300,259200,11, 259584.81012658228,11
93033000,259300,259200,12, 259579.50310559006,12
93036000,259400,259300,13, 259549.08088235292,13
93039000,259500,259400,14, 259538.35845896148,14
93042000,259700,259600,15, 259539.87538940812,15
93045000,259900,259800,16, 259546.38554216866,16
93048000,260000,259900,17, 259597.76315789472,17
93051000,260500,260000,18, 259625.0,18
93054000,260500,260100,19, 259672.51461988303,19
93057000,260500,260200,20, 259677.8422273782,20
93100000,260500,260300,21, 259691.68564920273,21
93103000,260000,259900,22, 259752.51937984495,22
93106000,259800,259500,23, 259761.91646191647,23
93109000,259700,259600,24, 259761.9391025641,24
93112000,259900,259700,25, 259762.37154150198,25
93115000,260100,259700,26, 259764.80186480188,26
93118000,260100,259900,27, 259767.15497301467,27
93121000,260000,259900,28, 259777.0786516854,28
93124000,260300,260000,29, 259779.61452928095,29
93127000,260200,260100,30, 259781.04719764012,30
93130000,260300,260200,30, 259777.5205377147,30
93133000,260500,260400,30, 259814.0201394268,30
93136000,260300,260100,30, 259849.81132075473,30
93139000,260200,260100,30, 259857.25368502716,30
93142000,260300,260200,30, 259873.1821735731,30
93145000,260500,260300,30, 259895.35628502804,30
93148000,260400,260300,30, 259909.41455696203,30
93151000,260500,260400,30, 259931.40096618357,30
93154000,260500,260400,30, 259944.03594771243,30
93157000,260600,260500,30, 259986.1227922624,30
93200000,260800,260500,30, 260004.5605306799,30
93203000,260800,260600,30, 260048.18339100346,30
93206000,260700,260600,30, 260085.29147982062,30
93209000,260700,260600,30, 260113.41350601296,30
93212000,260700,260600,30, 260137.6611418048,30
93215000,260900,260700,30, 260185.12476007678,30
93218000,261200,260900,30, 260267.05670567058,30
93221000,261400,260900,30, 260277.24329324698,30
93224000,261300,260900,30, 260280.81556997218,30
93227000,261200,260900,30, 260294.4495837188,30
93230000,261200,260900,30, 260344.93670886074,30
93233000,261100,260800,30, 260501.6434892541,30
93236000,261200,260900,30, 260532.34152652006,30
93239000,261000,260900,30, 260549.86807387864,30
93242000,260600,260500,30, 260571.22762148338,30
93245000,260600,260400,30, 260570.303030303,30
93248000,260600,260400,30, 260590.53549190538,30
93251000,260900,260600,30, 260601.13493064314,30
93254000,260800,260700,30, 260606.75844806005,30
93257000,260900,260800,30, 260614.80552070265,30
93300000,261100,260900,30, 260637.9746835443,30
93303000,261000,260900,30, 260755.57122708042,30
93306000,261300,260900,30, 260773.02452316077,30
93309000,261200,261000,30, 260811.46408839777,30
93312000,261100,261000,30, 260830.02717391305,30
93315000,261200,261000,30, 260853.1767955801,30
93318000,260800,260700,30, 260881.5889029004,30
93321000,260500,260400,30, 260825.44878563887,30
93324000,259900,259500,30, 260784.2157842158,30
93327000,260000,259600,30, 260784.57609805925,30
93330000,260000,259700,30, 260777.5844421699,30
93333000,260000,259800,30, 260757.25888324872,30
93336000,260500,260100,30, 260729.24435721294,30
93339000,260600,260500,30, 260719.64461994078,30
93342000,260400,260100,30, 260666.92087702572,30
93345000,260400,260100,30, 260629.35586061247,30
93348000,260400,260000,30, 260598.65284974093,30
93351000,260400,260000,30, 260594.92227979272,30
93354000,260400,260100,30, 260581.34171907755,30
93357000,260400,260100,30, 260568.52248394006,30
93400000,260300,260100,30, 260549.6132596685,30
93403000,260300,260100,30, 260543.85382059801,30
93406000,260000,259800,30, 260519.2144373673,30
93409000,260000,259800,30, 260496.52173913043,30
93412000,260100,260000,30, 260481.7264573991,30
93415000,260000,259900,30, 260473.31838565023,30
93418000,260000,259900,30, 260471.23595505618,30
93421000,260000,259900,30, 260458.70535714287,30
93424000,260100,260000,30, 260453.7598204265,30
93427000,260100,260000,30, 260433.7142857143,30
93430000,260300,260100,30, 260378.70813397132,30
93433000,260500,260400,30, 260353.04449648713,30
93436000,260900,260500,30, 260347.39130434784,30
93439000,260900,260500,30, 260334.91189427313,30
93442000,260900,260600,30, 260324.24581005584,30
93445000,260800,260600,30, 260254.0243902439,30
93448000,260600,260400,30, 260190.73243647235,30
93451000,260600,260400,30, 260194.5,30
93454000,260900,260600,30, 260216.58615136874,30
93457000,260900,260600,30, 260240.6003159558,30
93500000,260900,260600,30, 260264.41223832528,30
93503000,260800,260500,30, 260294.391025641,30
93506000,260600,260500,30, 260317.89638932495,30
93509000,260800,260600,30, 260359.4642857143,30
93512000,260800,260700,30, 260402.6771653543,30
93515000,260900,260800,30, 260461.94824961948,30
93518000,261000,260900,30, 260467.37481031867,30
93521000,261200,261000,30, 260474.54545454547,30
93524000,261200,261000,30, 260487.33233979135,30
93527000,261200,261100,30, 260498.67256637168,30
93530000,261200,261100,30, 260503.85756676557,30
93533000,261300,261100,30, 260553.62095531588,30
93536000,261500,261300,30, 260594.9764521193,30
93539000,261500,261300,30, 260689.1238670695,30
93542000,261300,260900,30, 260719.64017991003,30
93545000,261200,260900,30, 260723.39791356184,30
93548000,261100,260800,30, 260749.0909090909,30
93551000,261100,260800,30, 260754.0909090909,30
93554000,261000,260800,30, 260768.34862385324,30
93557000,260800,260600,30, 260788.61154446178,30
93600000,260600,260100,30, 260805.40540540538,30
93603000,260800,260300,30, 260847.33096085407,30
93606000,260700,260400,30, 260845.50359712233,30
93609000,260400,260300,30, 260835.72679509633,30
93612000,260700,260400,30, 260762.53644314868,30
93615000,260700,260500,30, 260763.19648093844,30
93618000,260600,260500,30, 260764.84490398818,30
93621000,260700,260600,30, 260759.7142857143,30
93624000,261000,260700,30, 260760.4255319149,30
93627000,261200,261000,30, 260764.31593794076,30
93630000,261200,261100,30, 260851.4211886305,30
93633000,261200,261100,30, 260866.31578947368,30
93636000,261200,261100,30, 260873.39449541285,30
93639000,261500,261200,30, 260902.31548480463,30
93642000,261400,261100,30, 260909.24764890282,30
93645000,261400,261200,30, 260917.10730948678,30
93648000,261400,261300,30, 260921.02803738316,30
93651000,261300,261100,30, 261102.44798041615,30
93654000,261300,261200,30, 261101.60891089108,30
93657000,261300,261200,30, 261102.46913580247,30
93700000,261300,261200,30, 261101.368159204,30
93703000,261300,261000,30, 261103.0303030303,30
93706000,260900,260800,30, 261077.3076923077,30
93709000,260900,260700,30, 261073.6220472441,30
93712000,260900,260600,30, 261073.2894736842,30
93715000,261000,260900,30, 261069.23076923078,30
93718000,261600,261100,30, 261080.90575275398,30
93721000,261500,261200,30, 261083.94607843139,30
93724000,261500,261200,30, 261090.02463054186,30
93727000,261400,261200,30, 261120.4081632653,30
93730000,261200,261100,30, 261137.43523316065,30
93733000,261000,260900,30, 261140.02493765586,30
93736000,261000,260900,30, 261152.09125475286,30
93739000,261000,260900,30, 261278.4457478006,30
93742000,261000,260900,30, 261271.7142857143,30
93745000,261000,260900,30, 261269.88636363638,30
93748000,261100,261000,30, 261292.5,30
93751000,261200,261100,30, 261275.32934131735,30
93754000,261600,261200,30, 261290.60402684563,30
93757000,261600,261300,30, 261319.8347107438,30
93800000,261600,261300,30, 261332.16374269006,30
93803000,261500,261300,30, 261335.26627218936,30
93806000,261300,261200,30, 261336.92848769051,30
93809000,261200,261000,30, 261334.5433255269,30
93812000,261200,261000,30, 261331.76470588235,30
93815000,261300,261200,30, 261327.80996523754,30
93818000,261500,261300,30, 261218.89985895628,30
93821000,261500,261300,30, 261222.67037552156,30
93824000,261500,261300,30, 261222.26890756303,30
93827000,261500,261300,30, 261222.8045325779,30
93830000,261500,261300,30, 261232.4712643678,30
93833000,261400,261300,30, 261235.06493506493,30
93836000,261400,261300,30, 261242.01680672268,30
93839000,261400,261300,30, 261248.69684499313,30
93842000,261400,261300,30, 261258.22959889352,30
93845000,261400,261300,30, 261259.3471810089,30
93848000,261500,261400,30, 261263.7026239067,30
93851000,261400,261300,30, 261263.42525399127,30
93854000,261400,261300,30, 261268.15561959654,30
93857000,261400,261200,30, 261269.0856313498,30
93900000,261400,261200,30, 261282.00899550226,30
93903000,261300,261200,30, 261283.9541547278,30
93906000,261500,261300,30, 261294.95798319328,30
93909000,261500,261300,30, 261307.6479076479,30
93912000,261600,261400,30, 261315.6338028169,30
93915000,261700,261600,30, 261357.87172011661,30
93918000,261800,261700,30, 261437.73913043478,30
93921000,261800,261700,30, 261467.63110307415,30
93924000,261500,261400,30, 261475.55938037866,30
93927000,261300,261200,30, 261460.5488850772,30
93930000,261200,261100,30, 261450.7512520868,30
93933000,261200,261100,30, 261449.57698815566,30
93936000,261100,261000,30, 261447.04890387857,30
93939000,261100,261000,30, 261440.2618657938,30
93942000,261100,261000,30, 261449.23857868018,30
93945000,261300,261100,30, 261453.25131810192,30
93948000,261300,261000,30, 261446.8309859155,30
93951000,261200,261000,30, 261445.72425828967,30
93954000,261200,261100,30, 261445.20069808027,30
93957000,261200,261100,30, 261442.13381555156,30
94000000,261200,261100,30, 261439.74820143887,30
94003000,261300,261200,30, 261437.6146788991,30
94006000,261200,261100,30, 261406.270096463,30
94009000,261200,261100,30, 261401.93236714974,30
94012000,261100,261000,30, 261387.78979907266,30
94015000,261200,261000,30, 261376.9938650307,30
94018000,261200,261100,30, 261375.96302003082,30
94021000,261300,261200,30, 261373.62637362638,30
94024000,261100,261000,30, 261366.71779141104,30
94027000,261100,261000,30, 261359.9078341014,30
94030000,261100,261000,30, 261357.12025316455,30
94033000,261100,261000,30, 261352.03915171287,30
94036000,261100,261000,30, 261331.56297420335,30
94039000,261000,260900,30, 261322.98136645963,30
94042000,261100,261000,30, 261290.6050955414,30
94045000,261300,261100,30, 261257.29646697387,30
94048000,261400,261200,30, 261213.54642313544,30
94051000,261400,261300,30, 261151.83246073296,30
94054000,261400,261300,30, 261143.2481751825,30
94057000,261400,261300,30, 261146.16822429906,30
94100000,261500,261400,30, 261160.36363636365,30
94103000,261800,261500,30, 261172.51356238697,30
94106000,261700,261600,30, 261196.9034608379,30
94109000,261900,261800,30, 261220.84063047287,30
94112000,262000,261900,30, 261251.17366884614,30
94115000,261900,261700,30, 261260.30927835053,30
94118000,261900,261700,30, 261268.20512820513,30
94121000,261800,261600,30, 261283.8602329451,30
94124000,261500,261400,30, 261302.1875,30
94127000,261400,261200,30, 261303.75,30
94130000,261400,261200,30, 261305.21327014218,30
94133000,261400,261200,30, 261325.44483985764,30
94136000,261400,261300,30, 261328.67132867133,30
94139000,261400,261300,30, 261341.98895027622,30
94142000,261400,261300,30, 261351.82341650673,30
94145000,261500,261400,30, 261354.1825095057,30
94148000,261500,261300,30, 261355.36398467433,30
94151000,261600,261500,30, 261367.25146198831,30
94154000,261800,261600,30, 261393.06358381503,30
94157000,261900,261700,30, 261408.78906249997,30
94200000,261900,261700,30, 261418.25396825396,30
94203000,261900,261700,30, 261454.2669584245,30
94206000,261800,261700,30, 261473.73949579833,30
94209000,261800,261700,30, 261511.06382978725,30
94212000,261800,261700,30, 261563.03317535546,30
94215000,261800,261700,30, 261623.6220472441,30
94218000,261800,261700,30, 261659.66981132075,30
94221000,261800,261700,30, 261662.76849642006,30
94224000,261800,261700,30, 261667.55447941888,30
94227000,261800,261700,30, 261687.5,30
94230000,261800,261700,30, 261693.48958333334,30
94233000,261600,261400,30, 261678.98734177215,30
94236000,261500,261400,30, 261665.27415143602,30
94239000,261300,261200,30, 261629.80301396523,30
94242000,261300,261200,30, 261609.48717948716,30
94245000,261300,261200,30, 261601.2987012987,30
94248000,261300,261200,30, 261592.6430517711,30
94251000,261300,261200,30, 261596.01226993863,30
94254000,261500,261300,30, 261520.0892857143,30
94257000,261700,261600,30, 261523.22175732217,30
94300000,261800,261700,30, 261532.0512820513,30
94303000,262000,261700,30, 261592.77566539924,30
94306000,261800,261700,30, 261602.22222222225,30
94309000,261800,261700,30, 261609.2857142857,30
94312000,261800,261700,30, 261616.42857142858,30
94315000,261900,261700,30, 261622.74305555556,30
94318000,261900,261800,30, 261630.9688581315,30
94321000,262000,261900,30, 261634.2706502636,30
94324000,262000,261900,30, 261634.628975265,30
94327000,261900,261800,30, 261645.7337883959,30
94330000,261800,261700,30, 261650.1661129568,30
94333000,261900,261800,30, 261657.8947368421,30
94336000,262000,261900,30, 261668.83116883118,30
94339000,262000,261900,30, 261676.35782747602,30
94342000,261900,261800,30, 261692.26100151747,30
94345000,261900,261800,30, 261680.35714285716,30
94348000,261900,261800,30, 261696.54135338345,30
94351000,262000,261900,30, 261707.2857142857,30
94354000,262100,261900,30, 261727.6595744681,30
94357000,262200,262100,30, 261740.47306176086,30
94400000,262200,261900,30, 261756.62650602407,30
94403000,262100,262000,30, 261767.7922077922,30
94406000,262000,261800,30, 261784.65608465608,30
94409000,262000,261900,30, 261808.19245773734,30
94412000,262300,262100,30, 261816.68806161746,30
94415000,262500,262400,30, 261834.03726708074,30
94418000,262300,262100,30, 261843.3090024331,30
94421000,262500,262400,30, 261951.47265077138,30
94424000,262500,262300,30, 261986.3309352518,30
94427000,262600,262300,30, 262002.0231213873,30
94430000,262500,262300,30, 262015.07293354944,30
94433000,262500,262300,30, 262203.08483290486,30
94436000,262300,262200,30, 262243.46846846846,30
94439000,262300,262200,30, 262247.9820627803,30
94442000,262200,261900,30, 262251.91897654586,30
94445000,262100,262000,30, 262253.9029535865,30
94448000,262100,262000,30, 262257.7942735949,30
94451000,262100,262000,30, 262259.2119275825,30
94454000,262100,262000,30, 262266.15886833513,30
94457000,262200,262100,30, 262273.81215469615,30
94500000,262200,262100,30, 262286.86296715745,30
94503000,262300,262200,30, 262294.6224256293,30
94506000,262200,262100,30, 262296.7105263158,30
94509000,262200,262000,30, 262310.25641025644,30
94512000,262000,261900,30, 262311.6201117318,30
94515000,262000,261900,30, 262335.4609929078,30
94521000,262100,262000,29, 262371.8181818182,29
94524000,262100,262000,29, 262377.60000000003,29
94527000,261800,261700,29, 262336.6871165644,29
94530000,261800,261600,29, 262345.70707070705,29
94533000,261700,261600,29, 262334.1220423412,29
94536000,261700,261600,29, 262315.5086848635,29
94539000,261700,261600,29, 262312.125,29
94542000,261700,261600,29, 262304.4757033248,29
94545000,261800,261700,29, 262235.6069364162,29
94548000,261800,261700,29, 262224.9417249417,29
94551000,261900,261800,29, 262152.719665272,29
94554000,262000,261800,29, 262145.3878406708,29
94557000,262000,261800,29, 262142.53112033196,29
94600000,262200,261800,29, 261990.34653465348,29
94603000,262300,262200,29, 261912.8279883382,29
94606000,262500,262200,29, 261917.638483965,29
94609000,262500,262300,29, 261895.7210776545,29
94612000,262400,262300,29, 261890.3594771242,29
94615000,262300,262200,29, 261890.28006589788,29
94618000,262200,262100,29, 261897.75999999998,29
94621000,262000,261800,29, 261905.34918276375,29
94624000,262000,261800,29, 261905.15463917525,29
94627000,262000,261900,29, 261902.086438152,29
94630000,262000,261900,29, 261893.4451219512,29
94633000,262000,261800,29, 261862.54125412542,29
94636000,262000,261800,29, 261850.51020408163,29
94639000,262000,261900,29, 261849.39759036145,29
94642000,262000,261900,29, 261850.93696763203,29
94645000,262000,261900,29, 261851.3698630137,29
94648000,262100,262000,30, 261856.21890547263,30
94651000,262100,262000,30, 261857.52066115703,30
94654000,262100,262000,30, 261848.36852207294,30
94657000,262100,262000,30, 261854.87571701722,30
94700000,262100,262000,30, 261860.0397614314,30
94703000,262100,262000,30, 261875.5789473684,30
94706000,262100,262000,30, 261882.7442827443,30
94709000,262100,262000,30, 261885.83509513742,30
94712000,262200,262100,30, 261942.1875,30
94715000,262300,262200,30, 261952.87958115185,30
94718000,262200,262100,30, 262087.4551971326,30
94721000,262200,262100,30, 262096.35036496352,30
94724000,262300,262200,30, 262104.49438202247,30
94727000,262300,262200,30, 262104.03225806452,30
94730000,262300,262200,30, 262103.187250996,30
94733000,262300,262200,30, 262095.73643410852,30
94736000,262300,262200,30, 262089.453125,30
94739000,262400,262200,30, 262085.82677165352,30
94742000,262400,262200,30, 262083.66533864543,30
94745000,262400,262300,30, 262081.19658119656,30
94748000,262300,262200,30, 262113.54166666666,30
94751000,262400,262300,30, 262144.97607655503,30
94754000,262400,262300,30, 262155.0,30
94757000,262400,262300,30, 262168.55895196507,30
94800000,262500,262400,30, 262191.46341463417,30
94803000,262300,262100,30, 262260.6896551724,30
94806000,262300,262200,30, 262265.6565656566,30
94809000,262300,262100,30, 262267.9435483871,30
94812000,262300,262200,30, 262273.0612244898,30
94815000,262300,262200,30, 262283.7894736842,30
94818000,262200,262100,30, 262285.2631578947,30
94821000,262200,262100,30, 262283.2298136646,30
94824000,262200,262100,30, 262289.09853249474,30
94827000,262200,262100,30, 262288.72651356994,30
94830000,262200,262100,30, 262290.31578947365,30
94833000,262200,262100,30, 262297.18614718615,30
94836000,262200,262100,30, 262293.0084745763,30
94839000,262100,262000,30, 262278.2945736434,30
94842000,262300,262100,30, 262277.7988614801,30
94845000,262300,262200,30, 262278.1818181818,30
94848000,262300,262200,30, 262278.9090909091,30
94851000,262200,262100,30, 262276.41843971633,30
94854000,262200,262100,30, 262276.5541740675,30
94857000,262200,262100,30, 262276.70250896056,30
94900000,262200,262100,30, 262272.8752260398,30
94903000,262100,262000,30, 262267.37967914436,30
94906000,262200,262100,30, 262264.6748681898,30
94909000,262200,262100,30, 262264.61267605633,30
94912000,262200,262100,30, 262261.17850953207,30
94915000,262100,262000,30, 262254.32937181665,30
94918000,262200,262100,30, 262244.7863247863,30
94921000,262100,262000,30, 262240.9246575343,30
94924000,262100,262000,30, 262238.04537521815,30
94927000,262100,262000,30, 262230.8797127469,30
94930000,262100,262000,30, 262173.2782369146,30
94933000,262100,262000,30, 262146.49681528663,30
94936000,262200,262100,30, 262144.8717948718,30
94939000,262200,262100,30, 262141.28440366974,30
94942000,262200,262100,30, 262139.62848297216,30
94945000,262200,262000,30, 262136.89024390245,30
94948000,262200,262100,30, 262137.03703703705,30
94951000,262200,262100,30, 262136.25,30
94954000,262200,262100,30, 262135.9375,30
94957000,262200,262100,30, 262135.88957055216,30
95000000,262100,262000,30, 262135.2409638554,30
95003000,262200,262100,30, 262136.54970760236,30
95006000,262100,262000,30, 262146.0055096419,30
95009000,262100,262000,30, 262141.2429378531,30
95012000,262000,261900,30, 262114.32664756448,30
95015000,262000,261900,30, 262111.23919308357,30
95018000,262100,261900,30, 262100.55865921787,30
95021000,262100,261900,30, 262100.0,30
95024000,262100,262000,30, 262098.89807162533,30
95027000,262000,261900,30, 262096.34831460676,30
95030000,262000,261900,30, 262097.1014492754,30
95033000,262100,262000,30, 262083.0769230769,30
95036000,262200,262100,30, 262085.57457212714,30
95039000,262300,262200,30, 262094.85458612975,30
95042000,262300,262200,30, 262126.08695652176,30
95045000,262300,262200,30, 262135.38461538462,30
95048000,262300,262200,30, 262136.6990291262,30
95051000,262300,262200,30, 262138.12260536395,30
95054000,262300,262200,30, 262138.72832369944,30
95057000,262300,262200,30, 262141.29158512718,30
95100000,262300,262200,30, 262145.1866404715,30
95103000,262300,262200,30, 262146.6535433071,30
95106000,262300,262200,30, 262184.3076923077,30
95109000,262400,262300,30, 262188.4036144578,30
95112000,262500,262400,30, 262191.6666666667,30
95115000,262500,262400,30, 262197.3174366617,30
95118000,262500,262400,30, 262198.06259314454,30
95121000,262300,262200,30, 262199.25925925927,30
95124000,262300,262200,30, 262200.0,30
95127000,262300,262200,30, 262200.8995502249,30
95130000,262300,262200,30, 262202.74809160305,30
95133000,262200,262100,30, 262206.38655462186,30
95136000,262300,262000,30, 262204.8309178744,30
95139000,262200,262000,30, 262215.51433389547,30
95142000,262200,262000,30, 262216.52613827994,30
95145000,262200,262000,30, 262226.4184397163,30
95148000,262100,262000,30, 262228.0357142857,30
95151000,262100,262000,30, 262228.2647584973,30
95154000,262100,262000,30, 262229.6229802513,30
95157000,262100,262000,30, 262230.10752688174,30
95200000,262100,262000,30, 262249.7098646035,30
95203000,262100,262000,30, 262245.85741811176,30
95206000,262000,261900,30, 262246.58385093167,30
95209000,262100,261900,30, 262201.4736842105,30
95212000,262000,261900,30, 262197.29119638825,30
95215000,261900,261800,30, 262160.1226993865,30
95218000,261900,261800,30, 262149.60000000003,30
95221000,261900,261800,30, 262148.30339321354,30
95224000,262100,262000,30, 262139.8854961832,30
95227000,262100,262000,30, 262135.76923076922,30
95230000,262200,262000,30, 262132.11678832117,30
95233000,262200,262100,30, 262065.29562982006,30
95236000,262200,262100,30, 262054.7619047619,30
95239000,262200,262100,30, 262049.1935483871,30
95242000,262200,262100,30, 262032.4929971989,30
95245000,262200,262100,30, 262030.9192200557,30
95248000,262200,262100,30, 262026.06232294618,30
95251000,262200,262100,30, 262035.1063829787,30
95254000,262400,262200,30, 262043.68686868687,30
95257000,262400,262200,30, 262049.49748743718,30
95300000,262400,262200,30, 262048.96907216494,30
95303000,262500,262200,30, 262043.2584269663,30
95306000,262400,262300,30, 262056.8306010929,30
95309000,262400,262300,30, 262060.8108108108,30
95312000,262400,262300,30, 262063.53887399464,30
95315000,262500,262400,30, 262063.3152173913,30
95318000,262400,262300,30, 262102.67639902674,30
95321000,262400,262300,30, 262103.71287128713,30
95324000,262400,262200,30, 262107.10784313726,30
95327000,262200,262000,30, 262110.6280193237,30
95330000,262200,262000,30, 262115.3086419753,30
95333000,262000,261900,30, 262117.70573566086,30
95336000,261900,261800,30, 262128.9855072464,30
95339000,261900,261800,30, 262126.14942528735,30
95342000,261900,261800,30, 262132.9383886256,30
95345000,261900,261800,30, 262141.52334152334,30
95348000,261900,261800,30, 262140.09779951102,30
95351000,261900,261800,30, 262134.79318734794,30
95354000,262200,261800,30, 262122.35023041477,30
95357000,262200,261900,30, 262125.18518518517,30
95400000,262000,261900,30, 262123.89162561574,30
95403000,262000,261900,30, 262123.32506203474,30
95406000,261900,261800,30, 262117.59036144576,30
95409000,261700,261600,30, 262096.6216216216,30
95412000,261700,261600,30, 262094.5701357466,30
95415000,261700,261600,30, 262093.6794582393,30
95418000,261700,261600,30, 262079.99999999997,30
95421000,261600,261400,30, 261978.06324110672,30
95424000,261500,261400,30, 261964.80000000002,30
95427000,261600,261500,30, 261944.48818897636,30
95430000,261600,261400,30, 261929.40038684718,30
95433000,261600,261500,30, 261910.5675146771,30
95436000,261700,261600,30, 261890.35916824196,30
95439000,261700,261600,30, 261884.3984962406,30
95442000,261700,261600,30, 261883.42749529192,30
95445000,261700,261600,30, 261830.67729083664,30
95448000,261700,261600,30, 261830.67729083664,30
95451000,261700,261600,30, 261824.04040404042,30
95454000,261700,261600,30, 261810.73684210528,30
95457000,261500,261400,30, 261779.2,30
95500000,261500,261400,30, 261768.6,30
95503000,261600,261500,30, 261762.72912423624,30
95506000,261700,261600,30, 261758.6693548387,30
95509000,261600,261500,30, 261665.09186351707,30
95512000,261600,261500,30, 261662.17616580313,30
95515000,261600,261500,30, 261657.53768844221,30
95518000,261600,261500,30, 261640.15957446807,30
95521000,261600,261400,30, 261604.72440944883,30
95524000,261600,261400,30, 261599.22480620153,30
95527000,261600,261500,30, 261598.20971867006,30
95530000,261700,261600,30, 261600.98039215687,30
95533000,261700,261600,30, 261593.3168316832,30
95536000,261700,261600,30, 261579.26509186352,30
95539000,261800,261600,30, 261582.39795918367,30
95542000,261800,261600,30, 261586.1386138614,30
95545000,261800,261600,30, 261584.8484848485,30
95548000,261800,261700,30, 261579.5918367347,30
95551000,261800,261700,30, 261583.56164383562,30
95554000,261800,261700,30, 261591.36690647484,30
95557000,261800,261700,30, 261593.9393939394,30
95600000,262000,261800,30, 261617.26378705216,30
95603000,262000,261800,30, 261630.6778604685,30
95606000,262000,261900,30, 261636.44421464714,30
95609000,262100,262000,30, 261652.056641942,30
95612000,262100,262000,30, 261650.85388994307,30
95615000,262100,262000,30, 261650.85388994307,30
95618000,262100,261900,30, 261683.17829197034,30
95621000,262000,261900,30, 261683.17829197034,30
95624000,262000,261900,30, 261713.46103384937,30
95627000,262000,261900,30, 261723.83262116485,30
95630000,262100,261900,30, 261739.46389538675,30
95633000,262100,262000,30, 261744.40485246424,30
95636000,262100,262000,30, 261750.01034040615,30
95639000,262100,262000,30, 261756.79687831362,30
95642000,262100,261900,30, 261777.9607401309,30
95645000,262100,261900,30, 261782.49989024014,30
95648000,262100,261900,30, 261836.79629722796,30
95651000,261900,261800,30, 261845.48220664109,30
95654000,261900,261700,30, 261847.65957446807,30
95657000,261900,261800,30, 261861.92660550456,30
95700000,261800,261700,30, 261867.77251184836,30
95703000,261800,261700,30, 261872.81553398058,30
95706000,261800,261700,30, 261884.18367346938,30
95709000,261700,261600,30, 261879.5,30
95712000,261700,261600,30, 261872.68292682926,30
95715000,261600,261500,30, 261868.75,30
95718000,261600,261500,30, 261868.11594202896,30
95721000,261600,261500,30, 261868.44660194175,30
95724000,261600,261500,30, 261855.39906103286,30
95727000,261600,261500,30, 261856.8436879128,30
95730000,261500,261400,30, 261840.75484191361,30
95733000,261600,261400,30, 261814.56884380066,30
95736000,261700,261600,30, 261761.62536973282,30
95739000,261700,261600,30, 261757.45693880407,30
95742000,261700,261600,30, 261754.5293556736,30
95745000,261700,261600,30, 261719.09591721155,30
95748000,261600,261500,30, 261717.88207715438,30
95751000,261600,261500,30, 261712.13793828525,30
95754000,261600,261500,30, 261706.25679242352,30
95757000,261600,261500,30, 261690.38285990444,30
95800000,261600,261500,30, 261690.38285990444,30
95803000,261700,261600,30, 261674.3441788295,30
95806000,261700,261600,30, 261669.41525703247,30
95809000,261700,261600,30, 261654.20064662452,30
95812000,261800,261600,30, 261654.4676149703,30
95815000,261800,261700,30, 261657.1002935635,30
95818000,261900,261800,30, 261640.97392306585,30
95821000,261900,261800,30, 261635.17587939696,30
95824000,261900,261800,30, 261640.6862745098,30
95827000,261900,261800,30, 261691.30434782608,30
95830000,261900,261800,30, 261695.73643410852,30
95833000,261900,261800,30, 261695.3125,30
95836000,262000,261900,30, 261720.49712211752,30
95839000,262100,261900,30, 261730.56845591677,30
95842000,262100,261900,30, 261732.60325633682,30
95848000,262100,261900,29, 261734.6533222531,29
95851000,262100,262000,29, 261742.8075488422,29
95854000,261900,261800,29, 261777.98742138364,29
95857000,261900,261800,29, 261785.14285714287,29
95900000,261800,261700,29, 261795.93023255817,29
95903000,261800,261700,29, 261821.06918238994,29
95906000,261800,261700,29, 261824.60063897763,29
95909000,261800,261600,29, 261817.66467065868,29
95912000,261900,261600,29, 261813.46153846153,29
95915000,261800,261700,29, 261812.29508196723,29
95918000,261800,261700,29, 261812.26158038146,29
95921000,261800,261700,29, 261815.19337016574,29
95924000,261900,261700,29, 261816.43835616438,29
95927000,261900,261800,29, 261816.6666666667,29
95930000,261900,261800,29, 261832.55813953487,29
95933000,261900,261800,29, 261837.68545994067,29
95936000,261800,261700,29, 261838.72832369944,29
95939000,261800,261700,29, 261842.72997032639,29
95942000,261800,261700,29, 261845.79439252336,29
95945000,261900,261800,29, 261846.88524590165,29
95948000,261900,261800,29, 261846.22950819673,29
95951000,261800,261700,29, 261845.24590163934,29
95954000,261800,261700,29, 261829.92424242425,29
95957000,261800,261700,29, 261826.81992337166,29
100000000,261800,261700,29, 261825.09505703422,29
100003000,261600,261500,29, 261776.0122124692,29
100006000,261700,261500,29, 261761.54708901202,29
100009000,261800,261600,29, 261757.72813718853,29
100012000,261800,261700,29, 261757.17523864255,29
100015000,261800,261700,30, 261757.17523864255,30
100018000,261800,261600,30, 261754.45069643023,30
100021000,261800,261700,30, 261718.9090909091,30
100024000,261800,261700,30, 261706.27615062764,30
100027000,261800,261700,30, 261703.0303030303,30
100030000,261700,261600,30, 261702.80000000002,30
100033000,261700,261600,30, 261701.21951219515,30
100036000,261700,261600,30, 261701.36986301368,30
100039000,261700,261600,30, 261698.05825242717,30
100042000,261700,261600,30, 261700.00000000003,30
100045000,261700,261600,30, 261699.0147783251,30
100048000,261700,261600,30, 261698.0487804878,30
100051000,261700,261600,30, 261692.45283018867,30
100054000,261700,261600,30, 261692.2374429224,30
100057000,261900,261700,30, 261693.9393939394,30
100100000,261900,261800,30, 261697.48953974896,30
100103000,261900,261800,30, 261695.74468085106,30
100106000,261800,261700,30, 261706.7375886525,30
100109000,261800,261700,30, 261707.0671378092,30
100112000,261800,261700,30, 261706.7375886525,30
100115000,261900,261800,30, 261706.7375886525,30
100118000,262100,261900,30, 261714.3622184289,30
100121000,262100,262000,30, 261717.44867532645,30
100124000,262100,262000,30, 261722.51255251563,30
100127000,262100,262000,30, 261724.04305808715,30
100130000,262100,262000,30, 261779.17011467076,30
100133000,262100,262000,30, 261792.96826125035,30
100136000,262100,262000,30, 261811.70988479958,30
100139000,262100,262000,30, 261821.08760566934,30
100142000,262100,262000,30, 261830.60658439522,30
100145000,262100,262000,30, 261836.95974890786,30
100148000,262100,262000,30, 261838.65631759766,30
100151000,262100,262000,30, 261839.24692251993,30
100154000,262100,262000,30, 261857.91922430307,30
100157000,262100,262000,30, 261876.673394571,30
100200000,262200,262100,30, 261884.1334027305,30
100203000,262300,262100,30, 261891.5431833288,30
100206000,262300,262100,30, 261918.8672335924,30
100209000,262300,262200,30, 261920.90165601985,30
100212000,262300,262100,30, 261945.08441288664,30
100215000,262300,262200,30, 261949.0465177996,30
100218000,262300,262200,30, 261981.01709938326,30
100221000,262200,262100,30, 262000.57809733713,30
100224000,262200,262100,30, 262020.67428863645,30
100227000,262200,262100,30, 262029.08872811787,30
100230000,262200,262100,30, 262042.90516297164,30
100233000,262200,262100,30, 262124.95798633157,30
100236000,262300,262200,30, 262133.30055834533,30
100239000,262400,262300,30, 262164.0646604822,30
100242000,262400,262300,30, 262172.4991870325,30
100245000,262400,262300,30, 262194.24083769636,30
100248000,262500,262300,30, 262208.14814814815,30
100251000,262500,262400,30, 262214.46078431373,30
100254000,262500,262400,30, 262245.5114822547,30
100257000,262100,262000,30, 262249.5256166983,30
100300000,262100,261800,30, 262241.3919413919,30
100303000,262100,262000,30, 262243.7616387337,30
100306000,262100,262000,30, 262248.85931558936,30
100309000,262100,262000,30, 262253.3980582524,30
100312000,262100,262000,30, 262253.10077519383,30
100315000,262100,262000,30, 262253.5922330097,30
100318000,262100,262000,30, 262253.5922330097,30
100321000,262100,262000,30, 262261.2121212121,30
100324000,262100,262000,30, 262259.797979798,30
100327000,262100,262000,30, 262260.48879837064,30
100330000,262100,262000,30, 262260.57494866534,30
100333000,262100,262000,30, 262259.0814196242,30
100336000,262100,262000,30, 262258.0041580041,30
100339000,262100,262000,30, 262258.4051724138,30
100342000,262100,262000,30, 262257.296137339,30
100345000,262100,262000,30, 262257.1111111111,30
100348000,262100,262000,30, 262257.7625570776,30
100351000,262500,262200,30, 262258.8477366255,30
100354000,262500,262200,30, 262260.0806451613,30
100357000,262500,262200,30, 262264.22764227644,30
100400000,262500,262300,30, 262271.8181818182,30
100403000,262500,262400,30, 262273.22274881514,30
100406000,262500,262400,30, 262286.1736334405,30
100409000,262500,262400,30, 262283.88157894736,30
100412000,262500,262400,30, 262282.7242524917,30
100415000,262500,262400,30, 262271.0144927536,30
100418000,262500,262400,30, 262275.87412587414,30
100421000,262500,262400,30, 262235.26785714284,30
100424000,262300,262200,30, 262244.24242424243,30
100427000,262400,262300,30, 262276.3888888889,30
100430000,262500,262400,30, 262289.156626506,30
100433000,262400,262200,30, 262291.8604651163,30
100436000,262400,262300,30, 262291.8604651163,30
100439000,262400,262300,30, 262292.98245614034,30
100442000,262400,262300,30, 262293.023255814,30
100445000,262500,262400,30, 262307.5268817204,30
100448000,262500,262400,30, 262314.6596858639,30
100451000,262500,262400,30, 262329.4736842105,30
100454000,262500,262400,30, 262336.9791666667,30
100457000,262500,262400,30, 262340.625,30
100500000,262600,262400,30, 262354.67980295565,30
100503000,262600,262400,30, 262362.01923076925,30
100506000,262700,262500,30, 262371.9047619048,30
100509000,262700,262500,30, 262391.15044247784,30
100512000,262700,262600,30, 262396.01769911504,30
100515000,262800,262600,30, 262407.7922077922,30
100518000,262800,262600,30, 262458.3815028902,30
100521000,262900,262800,30, 262553.023255814,30
100524000,262900,262800,30, 262571.4932126697,30
100527000,262900,262800,30, 262618.6770428016,30
100530000,263000,262900,30, 262686.5853658537,30
100533000,263000,262900,30, 262698.224852071,30
100536000,263000,262900,30, 262761.3953488372,30
100539000,263000,262900,30, 262803.20150659134,30
100542000,262900,262800,30, 262808.36363636365,30
100545000,263000,262800,30, 262861.46272855136,30
100548000,263000,262800,30, 262867.6348547718,30
100551000,263000,262900,30, 262893.23671497585,30
100554000,263000,262900,30, 262896.6081871345,30
100557000,263100,263000,30, 262914.9425287356,30
100600000,263100,263000,30, 262922.65005662513,30
100603000,263100,263000,30, 262929.7826086956,30
100606000,263000,262800,30, 262939.0595009597,30
100609000,262700,262600,30, 262930.4151624549,30
100612000,262700,262600,30, 262933.3333333333,30
100615000,262700,262600,30, 262935.6756756757,30
100618000,262700,262600,30, 262936.4292155095,30
100621000,262800,262700,30, 262936.0215053763,30
100624000,262800,262700,30, 262935.83556747093,30
100627000,262700,262600,30, 262934.23110338836,30
100630000,262700,262600,30, 262937.7077865267,30
100633000,262700,262600,30, 262939.1036906854,30
100636000,262700,262600,30, 262944.0888888889,30
100639000,262700,262600,30, 262944.6126447017,30
100642000,262700,262600,30, 262944.5235975067,30
100645000,262600,262500,30, 262934.08110440033,30
100648000,262500,262400,30, 262931.3551815766,30
100651000,262500,262400,30, 262929.5900178253,30
100654000,262600,262400,30, 262926.873857404,30
100657000,262600,262400,30, 262926.4907135875,30
100700000,262600,262400,30, 262919.49563530553,30
100703000,262600,262400,30, 262911.914893617,30
100706000,262600,262500,30, 262903.8140643623,30
100709000,262600,262500,30, 262901.33657351154,30
100712000,262700,262600,30, 262874.57886676874,30
100715000,262700,262600,30, 262874.17322834645,30
100718000,262800,262700,30, 262844.10646387836,30
100721000,262800,262600,30, 262832.9411764706,30
100724000,262800,262700,30, 262818.56540084386,30
100727000,263000,262900,30, 262812.7236580517,30
100730000,263000,262900,30, 262802.2222222222,30
100733000,263100,263000,30, 262810.9195402299,30
100736000,263100,263000,30, 262822.66949152545,30
100739000,263200,263000,30, 262830.8189655172,30
100742000,263200,263000,30, 262834.75479744136,30
100745000,263200,263000,30, 262880.71833648393,30
100748000,263200,263100,30, 262886.1538461538,30
100751000,263100,263000,30, 262894.7368421053,30
100754000,263100,263000,30, 262905.74948665296,30
100757000,263100,263000,30, 262905.74948665296,30
100800000,263000,262900,30, 262908.0808080808,30
100803000,263100,263000,30, 262911.7886178862,30
100806000,263100,263000,30, 262914.57085828343,30
100809000,263100,263000,30, 262918.1818181818,30
100812000,263100,263000,30, 262946.7230443975,30
100815000,263100,263000,30, 262971.86813186813,30
100818000,263100,263000,30, 262977.38359201775,30
100821000,263100,263000,30, 262986.9369369369,30
100824000,263000,262800,30, 262985.44698544696,30
100827000,263000,262800,30, 262999.1507430998,30
100830000,263000,262800,30, 262997.90794979077,30
100833000,262900,262800,30, 262998.74213836476,30
100836000,262900,262800,30, 263000.20876826724,30
100839000,262900,262800,30, 263007.00636942673,30
100842000,262900,262800,30, 263009.63597430405,30
100845000,262900,262800,30, 263011.46496815287,30
100848000,262900,262800,30, 263018.22125813446,30
100851000,262900,262800,30, 263018.4381778742,30
100854000,262900,262800,30, 263032.6968973747,30
100857000,262900,262800,30, 263034.52685421996,30
100900000,262800,262700,30, 263037.0656370656,30
100903000,262800,262700,30, 263023.8095238095,30
100906000,262800,262700,30, 263011.7886178862,30
100909000,262800,262700,30, 263001.6260162602,30
100912000,262800,262700,30, 262911.0,30
100915000,262900,262700,30, 262894.5701357466,30
100918000,263000,262800,30, 262876.4150943396,30
100921000,263000,262800,30, 262879.2792792793,30
100924000,262900,262800,30, 262879.37219730945,30
100927000,262900,262800,30, 262873.023255814,30
100930000,262800,262700,30, 262868.83720930235,30
100933000,262800,262700,30, 262860.1941747573,30
100936000,262800,262700,30, 262856.7307692308,30
100939000,262800,262700,30, 262839.4871794872,30
100942000,262800,262700,30, 262831.052631579,30
100945000,262700,262600,30, 262821.2560386473,30
100948000,262700,262600,30, 262818.75,30
100951000,262700,262600,30, 262782.12290502794,30
100954000,262700,262600,30, 262772.77777777775,30
100957000,262700,262600,30, 262766.4772727273,30
101000000,262700,262600,30, 262764.64088397793,30
101003000,262700,262600,30, 262761.23595505615,30
101006000,262700,262600,30, 262755.89743589744,30
101009000,262800,262700,30, 262742.7450980392,30
101012000,262800,262700,30, 262752.1604938272,30
101015000,262900,262800,30, 262757.01492537314,30
101018000,262900,262800,30, 262756.5868263473,30
101021000,262900,262800,30, 262756.7975830816,30
101027000,262900,262800,29, 262756.91823899373,29
101030000,263000,262900,29, 262762.425698748,29
101033000,263000,262900,29, 262766.31971215626,29
101036000,263100,263000,29, 262810.4299988773,29
101039000,263100,263000,29, 262844.95588391623,29
101042000,263200,263000,29, 262862.99828546937,29
101045000,263200,263100,29, 262867.8297504591,29
101048000,263200,263100,29, 262870.4007884363,29
101051000,263200,263100,29, 262880.1416939833,29
101054000,263300,263200,29, 262893.6504318314,29
101057000,263300,263200,29, 262898.7191471086,29
101100000,263300,263200,29, 262901.7375824286,29
101103000,263300,263200,29, 262905.2610411482,29
101106000,263400,263300,29, 262939.06893422984,29
101109000,263400,263300,29, 262952.04965554876,29
101112000,263500,263400,29, 262973.5149713021,29
101115000,263400,263300,29, 263039.28338890756,29
101118000,263500,263300,29, 263065.0590495027,29
101121000,263500,263300,29, 263077.77969779004,29
101124000,263500,263300,29, 263081.12701079505,29
101127000,263500,263400,29, 263084.8429304058,29
101130000,263400,263300,29, 263091.78000500164,29
101133000,263400,263300,29, 263106.3796137042,29
101136000,263400,263300,29, 263164.24318880995,29
101139000,263200,263100,29, 263268.68784763187,29
101142000,263100,262900,29, 263262.6258525495,29
101145000,263000,262800,29, 263261.6262597644,29
101148000,263100,263000,29, 263262.460964432,29
101151000,263100,262900,29, 263263.2720931176,29
101154000,263100,263000,30, 263260.83028867387,30
101157000,263000,262900,30, 263261.26126126124,30
101200000,263100,263000,30, 263261.23876123875,30
101203000,263100,263000,30, 263271.08307045215,30
101206000,263100,263000,30, 263277.89934354485,30
101209000,263300,263100,30, 263268.8391038696,30
101212000,263400,263200,30, 263271.3426853707,30
101215000,263400,263300,30, 263272.21664994984,30
101218000,263400,263100,30, 263249.44680851063,30
101221000,263400,263100,30, 263250.50583322573,30
101224000,263400,263100,30, 263250.42118450045,30
101227000,263400,263100,30, 263250.55125599896,30
101230000,263500,263400,30, 263252.0039435895,30
101233000,263500,263400,30, 263249.68046189786,30
101236000,263500,263400,30, 263247.8525969113,30
101239000,263400,263300,30, 263252.1904268635,30
101242000,263300,263100,30, 263240.2169527993,30
101245000,263300,263100,30, 263234.95819818176,30
101248000,263300,263100,30, 263233.22186082735,30
101251000,263300,263100,30, 263233.1324482305,30
101254000,263200,263100,30, 263203.0978009876,30
101257000,263100,263000,30, 263198.3664351286,30
101300000,263000,262900,30, 263194.86347474885,30
101303000,263000,262900,30, 263198.6320192983,30
101306000,263100,262900,30, 263147.64976958523,30
101309000,263100,263000,30, 263152.16972034716,30
101312000,263100,263000,30, 263152.80464216636,30
101315000,263100,262900,30, 263150.6704980843,30
101318000,263100,263000,30, 263150.9578544061,30
101321000,263100,263000,30, 263152.2243713733,30
101324000,263100,263000,30, 263152.95256534364,30
101330000,263100,263000,29, 263152.46853823814,29
101333000,263300,263100,29, 263150.32317636197,29
101336000,263300,263200,29, 263152.74177467596,29
101339000,263200,263100,29, 263148.37728194724,29
101342000,263200,263100,29, 263147.1602434077,29
101345000,263200,263100,29, 263153.0226700252,29
101348000,263200,263100,29, 263152.0202020202,29
101351000,263200,263100,29, 263151.8193224592,29
101354000,263200,263100,29, 263151.19496855343,29
101357000,263200,263100,29, 263146.84343434346,29
101400000,263100,263000,29, 263145.085995086,29
101403000,263200,263000,29, 263144.53883495147,29
101406000,263100,263000,29, 263129.3213828425,29
101409000,263100,263000,29, 263123.7908496732,29
101412000,263100,263000,29, 263122.555410691,29
101415000,263100,263000,29, 263122.51308900525,29
101418000,263000,262800,29, 263116.0256410256,29
101421000,263000,262800,29, 263129.07949790795,29
101424000,263000,262800,29, 263133.1848552339,29
101427000,263100,263000,29, 263140.5529953917,29
101430000,263100,263000,29, 263065.0,29
101433000,263100,263000,29, 263073.14814814815,29
101436000,263100,263000,29, 263073.63636363635,29
101439000,263100,263000,29, 263073.3031674208,29
101442000,263100,263000,29, 263080.09478672984,29
101445000,263100,263000,29, 263079.8076923077,29
101451000,263100,263000,28, 263078.7878787879,28
101454000,263100,263000,28, 263080.0,28
101457000,263100,263000,29, 263080.0,29
101500000,263100,263000,29, 263071.23287671234,29
101503000,263100,263000,29, 263057.6642335766,29
101506000,263100,263000,29, 263051.85185185185,29
101509000,263000,262900,29, 263043.70860927156,29
101512000,263000,262900,29, 263043.70860927156,29
101515000,263000,262900,29, 263042.38410596026,29
101518000,262900,262800,29, 263031.37254901964,29
101521000,262900,262800,29, 263031.37254901964,29
101524000,262900,262800,29, 263027.0833333333,29
101527000,263100,262900,29, 262998.2608695652,29
101530000,263100,262900,29, 262993.63636363635,29
101533000,263100,262900,29, 262991.74311926606,29
101536000,263100,262900,29, 262990.6862745098,29
101539000,262900,262800,29, 262981.1059907834,29
101542000,262900,262800,29, 262981.1059907834,29
101545000,262900,262800,29, 262978.7234042553,29
101548000,262900,262800,29, 262979.5698924731,29
101551000,262900,262800,29, 262979.00552486186,29
101554000,262900,262800,29, 262976.8361581921,29
101557000,262900,262800,29, 262976.70454545453,29
101600000,262900,262800,29, 262976.0,29
101603000,262900,262800,29, 262973.09941520466,29
101606000,262900,262800,29, 262972.9411764706,29
101609000,262900,262700,29, 262956.98924731184,29
101612000,262900,262700,29, 262955.4347826087,29
101615000,262900,262700,29, 262950.7936507936,29
101618000,262900,262700,30, 262950.5263157895,30
101621000,262900,262700,30, 262949.4736842105,30
101624000,262900,262800,30, 262948.4536082474,30
101627000,262900,262800,30, 262946.4285714286,30
101630000,262900,262800,30, 262946.192893401,30
101633000,262900,262800,30, 262945.641025641,30
101636000,262900,262800,30, 262938.63636363635,30
101639000,262900,262800,30, 262938.63636363635,30
101642000,262900,262800,30, 262938.41807909607,30
101645000,262900,262800,30, 262935.9375,30
101648000,262900,262800,30, 262934.5360824742,30
101651000,262900,262800,30, 262934.5360824742,30
101654000,262900,262800,30, 262873.2558139535,30
101657000,262900,262800,30, 262861.34453781514,30
101700000,262800,262700,30, 262861.41732283466,30
101703000,262800,262700,30, 262857.6,30
101706000,262700,262600,30, 262815.90909090906,30
101709000,262700,262600,30, 262812.5,30
101712000,262800,262700,30, 262811.4285714286,30
101715000,262800,262700,30, 262811.1111111111,30
101718000,262800,262700,30, 262808.6666666667,30
101721000,262800,262500,30, 262693.77289377287,30
101724000,262700,262500,30, 262693.77289377287,30
101727000,262700,262600,30, 262693.79562043794,30
101730000,262700,262500,30, 262692.41877256316,30
101733000,262700,262500,30, 262692.41877256316,30
101736000,262700,262500,30, 262685.3846153846,30
101742000,262700,262500,29, 262683.5294117647,29
101745000,262700,262500,29, 262682.7450980392,29
101748000,262700,262500,29, 262680.39215686277,29
101754000,262700,262500,28, 262673.4939759036,28
101757000,262700,262600,28, 262672.5806451613,28
101800000,262700,262600,28, 262672.8,28
101803000,262600,262500,28, 262671.4285714286,28
101806000,262600,262500,28, 262671.4285714286,28
101809000,262600,262500,28, 262663.46153846156,28
101812000,262600,262500,28, 262639.5061728395,28
101815000,262600,262500,28, 262627.0992366412,28
101818000,262500,262400,28, 262622.1402214022,28
101821000,262500,262400,28, 262620.1465201465,28
101824000,262500,262200,28, 262440.4011461318,28
101827000,262500,262200,28, 262429.32551319647,28
101830000,262500,262300,28, 262429.32551319647,28
101833000,262500,262300,28, 262405.11182108626,28
101836000,262500,262300,28, 262401.9292604501,28
101839000,262500,262300,28, 262398.71794871794,28
101842000,262500,262300,28, 262394.9367088608,28
101845000,262500,262400,28, 262388.424437299,28
101848000,262600,262500,28, 262295.54455445544,28
101851000,262600,262500,28, 262295.54455445544,28
101857000,262600,262500,27, 262311.76470588235,27
101900000,262600,262500,27, 262317.5438596491,27
101903000,262500,262400,27, 262320.6896551724,27
101906000,262500,262400,27, 262320.6896551724,27
101909000,262600,262500,28, 262325.94142259413,28
101912000,262600,262500,28, 262324.3697478992,28
101915000,262600,262500,28, 262322.0338983051,28
101918000,262600,262500,28, 262323.5294117647,28
101921000,262600,262500,29, 262324.2677824268,29
101924000,262600,262500,29, 262324.2677824268,29
101927000,262600,262500,29, 262321.0970464135,29
101930000,262600,262500,29, 262317.5213675214,29
101933000,262600,262500,29, 262317.5213675214,29
101936000,262600,262500,29, 262308.9285714286,29
101939000,262600,262500,29, 262308.0717488789,29
101942000,262600,262500,29, 262288.11881188117,29
101945000,262600,262500,29, 262280.41237113404,29
101948000,262600,262500,29, 262276.9633507853,29
101951000,262600,262500,29, 262501.2195121951,29
101954000,262600,262500,29, 262501.2195121951,29
101957000,262600,262500,29, 262501.1494252874,29
102000000,262600,262500,29, 262502.22222222225,29
102003000,262600,262500,29, 262505.4945054945,29
102006000,262700,262600,29, 262543.9393939394,29
102009000,262800,262700,29, 262570.6293706294,29
102012000,262800,262700,29, 262561.36363636365,29
102015000,262900,262800,29, 262567.58893280633,29
102018000,262900,262800,29, 262572.48062015505,29
102021000,262900,262800,29, 262579.1489361702,29
102024000,262900,262800,30, 262580.5084745763,30
102030000,262900,262700,29, 262618.5328185328,29
102033000,262800,262700,29, 262619.23076923075,29
102036000,262800,262700,29, 262623.92156862747,29
102039000,262800,262700,29, 262623.92156862747,29
102042000,262800,262700,29, 262624.21875,29
102045000,262800,262700,29, 262624.6031746032,29
102048000,262800,262700,29, 262625.69169960474,29
102051000,262800,262700,29, 262626.3779527559,29
